PassengerId,Transported
0013_01,0.7212335
0018_01,-0.059129797
0019_01,1.0008956
0021_01,0.99297357
0023_01,0.5852006
0027_01,0.07287757
0029_01,0.9503757
0032_01,0.9952387
0032_02,1.0130247
0033_01,0.6862098
0037_01,0.23001212
0040_01,0.14294843
0040_02,0.8033262
0042_01,0.43225542
0046_01,-0.07346138
0046_02,0.056090582
0046_03,0.12261961
0047_01,1.0131307
0047_02,0.76657176
0047_03,-0.05912648
0048_01,0.85109836
0049_01,0.024165997
0054_01,0.97016275
0054_02,0.9441395
0054_03,0.42865738
0055_01,-0.022938319
0057_01,1.184238
0059_01,0.7407763
0060_01,0.20148458
0063_01,0.7072075
0065_01,0.7212335
0075_01,0.16665186
0079_01,0.7058537
0080_01,0.21303964
0083_01,0.052589748
0087_01,0.4226596
0089_01,0.9950081
0093_01,0.7555374
0094_01,0.48056573
0094_02,0.06710357
0095_01,0.76769924
0096_01,0.5556661
0100_01,0.8933056
0100_02,0.495087
0104_01,0.0762789
0106_01,0.7738789
0109_01,0.14909013
0117_01,0.28519574
0118_01,0.74203223
0121_01,0.04798655
0124_01,0.17656375
0125_01,0.9866028
0125_02,0.014761641
0130_01,0.3850175
0131_01,0.6920274
0132_01,1.0340089
0135_01,0.13549687
0137_01,0.7212335
0142_01,1.0110047
0142_02,0.26563245
0142_03,1.0067141
0143_01,0.6071748
0145_01,0.091435805
0150_01,0.9672021
0150_02,1.0089054
0153_01,0.3976731
0154_01,0.5911547
0155_01,0.054061938
0156_01,0.9751402
0157_01,0.15539657
0158_01,0.17543562
0158_02,0.2913224
0159_01,0.15433925
0161_01,0.09788477
0162_01,0.9751402
0166_01,0.6500466
0168_01,0.99781567
0175_01,0.70421636
0175_02,0.35217178
0175_03,0.6488554
0175_04,0.60098124
0175_05,0.36975345
0176_01,0.13404067
0180_01,0.5455614
0184_01,0.20708273
0185_01,0.7267974
0187_01,0.9490718
0191_01,0.20425418
0194_01,1.0027876
0194_02,0.9635906
0194_03,0.017358525
0204_01,0.0041335546
0208_01,0.32577786
0209_01,-0.009265134
0214_01,0.19733623
0214_02,0.1188962
0215_01,0.5801567
0218_01,-0.04525064
0226_01,0.5547509
0227_01,0.5932329
0228_01,1.0046948
0228_02,1.0837877
0228_03,1.0085982
0228_04,-0.0028594416
0230_01,0.6129703
0230_02,0.18051296
0235_01,0.46147707
0236_01,0.9311447
0238_01,0.03380474
0247_01,0.9866028
0247_02,0.96915835
0249_01,0.10315364
0256_01,0.5446918
0259_01,1.2620778
0262_01,0.1355676
0264_01,0.9882943
0264_02,1.0029988
0264_03,0.14922717
0266_01,0.08937523
0266_02,0.1904489
0268_01,0.090453714
0268_02,0.23712935
0271_01,0.07559351
0272_01,0.0531323
0273_01,1.3166934
0273_02,0.99034864
0273_03,0.24554223
0274_01,-0.09755176
0274_02,0.45220882
0276_01,0.046265993
0276_02,0.98709273
0279_01,0.5109182
0280_01,0.8295143
0284_01,0.82016283
0292_01,0.17791283
0293_01,1.0014647
0295_01,0.32942098
0296_01,0.08659496
0299_01,0.0990269
0300_01,0.13691024
0308_01,0.5061951
0311_01,0.338807
0312_01,0.5801567
0317_01,0.025390157
0318_01,0.507413
0319_01,-0.0272111
0319_02,0.9751402
0323_01,0.6238522
0325_01,0.6219793
0328_01,0.5951874
0329_01,0.978838
0332_01,0.62068564
0335_01,0.21518265
0339_01,0.30458224
0339_02,-0.006869723
0339_03,0.17961355
0339_04,0.7305222
0339_05,0.60098124
0339_06,0.2258215
0339_07,-0.045089677
0339_08,0.24213435
0342_01,0.79231155
0342_02,0.5333176
0344_01,0.98892796
0344_02,0.24114044
0349_01,-0.019911421
0349_02,0.8936306
0349_03,-0.026692763
0349_04,0.911505
0349_05,0.26492894
0349_06,0.22441551
0351_01,1.0023916
0353_01,0.5236696
0353_02,0.53363883
0354_01,0.63733137
0362_01,0.67806536
0363_01,0.6096165
0363_02,0.5761721
0363_03,0.7286707
0364_01,0.7338796
0364_02,0.050962828
0366_01,0.7210839
0367_01,0.0690658
0374_01,0.15834998
0374_02,0.052321173
0386_01,0.047156695
0390_01,0.60420626
0393_01,-0.0326368
0394_01,0.37201092
0399_01,0.61077595
0400_01,0.97906804
0404_01,0.9472434
0406_01,0.5234661
0414_01,-0.36649653
0416_01,0.19921346
0418_01,0.16526294
0419_01,0.6513338
0419_02,0.7475624
0419_03,0.5911547
0420_01,0.030207217
0421_01,1.1724914
0422_01,0.30705777
0424_01,-0.021459175
0426_01,-0.0017126111
0440_01,0.34689245
0443_01,0.31707352
0450_01,0.17905112
0451_01,1.0095707
0455_01,0.15698151
0464_01,0.7212335
0467_01,0.9877174
0467_02,0.9190053
0467_03,0.8795844
0467_04,1.1225021
0469_01,0.3380901
0473_01,0.221854
0478_01,0.15064682
0478_02,0.97729206
0479_01,1.0131307
0483_01,0.97902906
0483_02,0.444159
0484_01,1.010695
0486_01,0.41354537
0489_01,0.30257565
0489_02,0.99034864
0491_01,0.8519238
0492_01,0.41134
0493_01,0.5814124
0494_01,0.96915835
0494_02,0.7107674
0495_01,0.67340493
0495_02,0.8560211
0495_03,0.6737512
0495_04,0.58437574
0495_05,0.23604558
0495_06,0.49823502
0496_01,0.64883256
0496_02,0.7305222
0497_01,0.9751402
0505_01,0.08030125
0508_01,0.2059449
0509_01,0.609271
0511_01,0.41258153
0514_01,0.7475624
0524_01,0.959734
0526_01,0.6007902
0530_01,0.3060047
0530_02,-0.0051863734
0530_03,0.9851965
0532_01,0.15812315
0532_02,1.0173047
0535_01,0.25841975
0536_01,-0.03017775
0536_02,0.122993425
0541_01,1.0046948
0543_01,0.5911547
0544_01,0.93037474
0554_01,0.1447031
0557_01,0.9962276
0557_02,0.9616563
0558_01,0.6459929
0562_01,0.78047746
0562_02,1.014284
0574_01,-0.03245845
0578_01,0.75799245
0578_02,0.7284078
0584_01,0.53363883
0584_02,-0.012425374
0592_01,0.4053489
0595_01,0.82144845
0601_01,0.4405333
0604_01,0.37879685
0605_01,0.21918923
0606_01,0.5911547
0613_01,1.0088702
0613_02,1.0035406
0616_01,-0.02171509
0617_01,0.15477
0620_01,0.018357277
0620_02,0.87160724
0620_03,0.8206068
0621_01,-0.058015708
0622_01,0.08796711
0624_01,0.4800287
0625_01,1.0002011
0625_02,0.9937618
0625_03,1.000115
0626_01,0.98709273
0626_02,1.0159897
0626_03,0.78141415
0627_01,0.8495154
0632_01,0.21699642
0632_02,0.73269314
0632_03,0.61077595
0640_01,0.9751287
0640_02,0.97902906
0648_01,-0.0061524045
0648_02,0.22058712
0649_01,0.495087
0651_01,0.9535007
0652_01,0.7644519
0652_02,0.58437574
0652_03,0.7520955
0652_04,0.57707924
0652_05,0.6995202
0654_01,0.93018186
0662_01,0.43407726
0666_01,0.7212335
0666_02,0.74930537
0667_01,0.12189335
0670_01,0.08871444
0670_02,-0.029409397
0673_01,0.5921149
0675_01,0.6297527
0676_01,0.29033202
0681_01,0.53363883
0692_01,0.90681523
0694_01,0.77070725
0695_01,0.82144845
0698_01,0.2351662
0700_01,0.29227027
0706_01,0.7305222
0708_01,0.9981684
0708_02,1.0027876
0711_01,-0.012750985
0716_01,0.16962384
0717_01,0.9535007
0717_02,0.25451106
0717_03,0.97902906
0717_04,0.97902906
0717_05,0.03753037
0717_06,0.22704616
0717_07,0.9932046
0720_01,1.000115
0720_02,0.25271568
0720_03,-0.060845245
0721_01,0.6540726
0722_01,0.4259803
0723_01,0.023223458
0725_01,0.60098124
0730_01,0.53505266
0731_01,0.3409178
0731_02,0.4512737
0735_01,0.23668073
0739_01,0.4526525
0741_01,0.3528321
0742_01,0.6211743
0742_02,0.9490718
0744_01,1.0131307
0745_01,0.121083535
0747_01,-0.033968408
0748_01,0.9998568
0748_02,0.0058109653
0749_01,0.99034864
0751_01,0.9816738
0752_01,0.74519384
0755_01,0.5976155
0758_01,0.6307513
0758_02,1.0028695
0758_03,0.09910932
0759_01,1.0035406
0759_02,0.07779234
0759_03,0.97729206
0760_01,0.08242739
0763_01,0.99781567
0763_02,0.035470303
0766_01,0.50443876
0774_01,0.7037085
0774_02,-0.00955311
0774_03,0.58067465
0775_01,1.0066487
0775_02,0.8699206
0775_03,0.9884735
0775_04,0.07847139
0775_05,0.98399055
0775_06,1.0141566
0778_01,1.0087774
0778_02,0.337492
0780_01,0.99640805
0783_01,0.102961086
0792_01,0.7475624
0800_01,0.025667474
0801_01,0.99034864
0803_01,0.6007902
0804_01,0.989119
0807_01,0.45269066
0810_01,0.1032007
0812_01,0.45617312
0814_01,0.54833305
0821_01,1.000115
0827_01,-0.13740718
0827_02,0.4307099
0827_03,1.0636199
0831_01,-0.03870214
0832_01,0.61077595
0837_01,0.97902906
0837_02,0.00948931
0838_01,0.35990226
0838_02,0.27974832
0841_01,0.10909622
0842_01,0.23643583
0843_01,0.5333176
0844_01,0.63009304
0847_01,0.19275899
0852_01,0.9370109
0854_01,0.7210839
0855_01,0.84589005
0856_01,-0.022254564
0857_01,0.8462358
0858_01,0.45553604
0858_02,1.003887
0861_01,0.6114413
0862_01,0.62068564
0864_01,-0.035063144
0864_02,0.99902004
0864_03,1.0119747
0866_01,0.9798393
0872_01,0.28636575
0880_01,0.5911321
0880_02,0.50375617
0882_01,1.0089842
0884_01,0.14674203
0884_02,0.31290123
0886_01,0.083447784
0886_02,0.97649634
0886_03,1.0121241
0887_01,-0.02704357
0887_02,0.19170448
0888_01,0.26313174
0888_02,0.327432
0891_01,0.7419134
0892_01,1.0174838
0892_02,0.9799418
0892_03,1.0297065
0894_01,1.0297065
0895_01,0.3141287
0896_01,0.37415665
0897_01,1.0085982
0897_02,0.99763644
0900_01,0.50756264
0908_01,0.58608
0909_01,-0.08765325
0909_02,1.0201991
0909_03,0.9951577
0914_01,-0.14703451
0916_01,0.19201449
0917_01,0.5482238
0920_01,-0.057335198
0929_01,0.24909419
0934_01,0.27047345
0936_01,0.20103401
0937_01,0.2906389
0943_01,0.9962276
0943_02,1.0121241
0943_03,0.053596362
0945_01,0.09535505
0945_02,0.3054986
0948_01,0.012854208
0950_01,1.023905
0954_01,0.45358694
0958_01,0.32032695
0959_01,0.306269
0962_01,0.5712865
0963_01,1.0056335
0967_01,0.06723525
0973_01,0.19972223
0974_01,0.06937949
0977_01,0.7072075
0980_01,0.1515929
0981_01,0.32846802
0981_02,0.75864816
0986_01,0.297391
0986_02,1.0038414
0996_01,0.29265592
0999_01,0.53363883
0999_02,0.301107
1003_01,0.27139598
1007_01,0.106975734
1009_01,-0.042519506
1010_01,1.0286841
1016_01,-0.26136264
1021_01,0.43718305
1023_01,0.9859791
1028_01,0.72335315
1037_01,0.5814124
1039_01,0.15991102
1042_01,0.17538175
1044_01,0.7134233
1050_01,0.76206243
1055_01,0.5105975
1059_01,0.9966927
1059_02,0.98892796
1061_01,0.9802527
1064_01,0.69455403
1064_02,0.4927692
1067_01,0.4383143
1069_01,0.96708286
1070_01,0.74403185
1072_01,0.69859695
1072_02,0.507413
1072_03,0.6801665
1072_04,0.3248703
1072_05,0.0065166447
1072_06,0.2475476
1072_07,0.46147707
1072_08,0.6007902
1073_01,0.21848969
1074_01,0.5761721
1074_02,0.63655454
1081_01,0.7475624
1087_01,0.82561797
1090_01,0.9797626
1090_02,0.09375219
1092_01,0.50756264
1098_01,0.18209726
1101_01,0.38037753
1103_01,0.32248664
1104_01,0.9872719
1106_01,0.031988386
1106_02,1.014284
1107_01,0.1953736
1109_01,0.15731813
1111_01,0.7644519
1111_02,0.51319087
1111_03,0.0038360641
1118_01,0.1408961
1118_02,1.0306062
1118_03,0.9127124
1118_04,0.72583205
1118_05,0.052539762
1119_01,0.06612415
1119_02,0.9942326
1120_01,1.1447186
1122_01,0.7305222
1124_01,1.0008956
1124_02,1.0172836
1124_03,0.43975428
1125_01,0.33293864
1125_02,0.6007902
1126_01,1.023905
1128_01,1.0027876
1128_02,0.96708286
1131_01,1.0128058
1135_01,-0.017276473
1135_02,0.810225
1135_03,-0.05639091
1135_04,0.85061145
1137_01,0.26136142
1137_02,0.10089124
1138_01,0.9681297
1139_01,0.46147707
1143_01,0.58437234
1145_01,0.9957858
1145_02,0.249232
1145_03,0.11668555
1145_04,0.97278875
1151_01,0.7611495
1157_01,0.09677564
1158_01,0.43225542
1158_02,0.28252167
1159_01,0.7072075
1159_02,0.33319274
1159_03,0.67710865
1160_01,0.31851986
1164_01,0.23320776
1171_01,0.061464906
1172_01,1.000115
1176_01,0.6735983
1181_01,0.38894227
1183_01,0.96915835
1183_02,0.37144294
1183_03,0.9741343
1184_01,0.99781567
1184_02,0.11551977
1189_01,-0.007071224
1194_01,0.093934976
1196_01,0.12813382
1196_02,0.14211495
1200_01,1.0297065
1201_01,0.07957915
1201_02,0.8126347
1202_01,0.04159625
1204_01,0.23885974
1205_01,0.014028311
1207_01,0.49823502
1207_02,0.67364454
1207_03,0.8022774
1207_04,0.5268265
1209_01,0.030991763
1209_02,0.16105413
1217_01,0.95190275
1217_02,0.9946719
1219_01,-0.0038201204
1219_02,1.0159897
1224_01,1.0014691
1224_02,1.1103936
1226_01,0.9998568
1226_02,0.99902004
1227_01,0.92207915
1237_01,0.545173
1241_01,-0.018495748
1244_01,0.99034864
1245_01,0.75799245
1247_01,1.0030706
1249_01,0.21449669
1251_01,0.9853924
1252_01,-8.12152e-05
1253_01,0.14970227
1257_01,1.0095707
1257_02,1.0049527
1257_03,0.52977026
1257_04,1.0030637
1262_01,0.64883256
1262_02,0.22191495
1265_01,0.7305222
1266_01,0.26739624
1268_01,0.9749906
1270_01,1.2033696
1272_01,0.1574039
1275_01,0.27561367
1276_01,0.3173318
1277_01,0.07633407
1290_01,0.3234307
1296_01,0.09662255
1297_01,1.0706495
1298_01,0.49823502
1301_01,0.30133295
1301_02,0.51319087
1301_03,0.7212335
1303_01,0.39392042
1305_01,0.6400436
1313_01,0.5422559
1314_01,0.10359277
1315_01,0.91876644
1318_01,0.9859791
1319_01,-0.05471643
1319_02,0.030765532
1320_01,0.62068564
1320_02,0.5236696
1320_03,0.5236696
1321_01,0.6420991
1321_02,1.0119747
1321_03,0.25392
1321_04,0.13178551
1327_01,0.507413
1329_01,0.30147228
1334_01,0.20317556
1338_01,0.989119
1338_02,1.0027876
1339_01,0.75799245
1341_01,0.034244046
1341_02,0.75799245
1341_03,0.5881629
1343_01,-0.1456468
1343_02,0.8799143
1343_03,0.4315961
1344_01,0.12772298
1346_01,0.33783373
1349_01,0.82144845
1349_02,0.7212335
1354_01,0.18230131
1354_02,0.21518265
1354_03,0.9937618
1354_04,0.9672125
1354_05,0.9951577
1354_06,1.0096647
1354_07,0.8237952
1358_01,0.9290543
1358_02,0.17148776
1359_01,0.25707376
1361_01,0.9950081
1361_02,0.0441721
1363_01,0.39492935
1364_01,0.5970456
1364_02,0.5053293
1367_01,0.60098124
1369_01,0.42089298
1369_02,0.68609935
1369_03,0.7859012
1372_01,0.5911547
1373_01,0.33811095
1374_01,0.98709273
1388_01,0.75799245
1392_01,0.4791531
1394_01,0.57918626
1396_01,0.69884163
1405_01,0.26511726
1409_01,0.0059479554
1409_02,0.6420991
1411_01,0.7662728
1418_01,0.5874908
1422_01,0.9145849
1422_02,-0.030841412
1422_03,0.00898121
1429_01,0.8262284
1432_01,0.46403137
1432_02,-0.024079321
1436_01,0.49925208
1437_01,0.14608972
1441_01,0.062405013
1446_01,0.04746706
1448_01,0.5340045
1449_01,0.32073572
1456_01,0.60683036
1459_01,0.0837589
1464_01,0.13074127
1466_01,0.7024538
1468_01,0.5973207
1469_01,0.17724822
1469_02,0.03021248
1470_01,0.62068564
1471_01,0.58437574
1471_02,0.8524444
1471_03,0.53978044
1471_04,0.67364454
1471_05,0.5532343
1472_01,0.60098124
1473_01,0.03698935
1473_02,-0.089068085
1475_01,0.694101
1476_01,0.3786243
1477_01,0.69793427
1477_02,-0.02137931
1480_01,0.63535815
1482_01,1.023905
1483_01,0.49285614
1486_01,0.77070725
1487_01,0.70421636
1487_02,0.26667118
1492_01,0.042660017
1492_02,0.04744484
1494_01,0.04136662
1495_01,-0.04295919
1495_02,0.42531994
1496_01,0.29622766
1497_01,0.9998982
1497_02,0.99034864
1502_01,-0.08122841
1502_02,1.0064386
1502_03,1.0019995
1502_04,1.0537854
1504_01,0.090974614
1505_01,0.47661358
1508_01,0.25233337
1512_01,0.20218515
1513_01,0.6751476
1514_01,0.72335315
1516_01,0.57561916
1517_01,0.3898552
1518_01,0.00047312622
1518_02,0.15635648
1519_01,0.25940862
1522_01,0.9951577
1530_01,0.7725
1534_01,0.26713663
1534_02,-0.03779839
1535_01,-0.03117782
1537_01,1.161364
1538_01,0.17883392
1538_02,0.051890224
1546_01,0.7243134
1549_01,0.60756516
1553_01,0.9951577
1553_02,0.11577822
1554_01,0.6007902
1554_02,0.28278613
1556_01,0.7212335
1557_01,0.9890014
1559_01,0.97016275
1559_02,0.97902906
1563_01,0.98709273
1566_01,0.9751287
1570_01,0.2734375
1571_01,0.3627363
1574_01,0.5814124
1575_01,0.75799245
1582_01,0.1862779
1582_02,0.64883256
1583_01,0.9938451
1586_01,0.5590095
1587_01,0.72335315
1587_02,0.7212335
1589_01,0.21609925
1591_01,0.07764107
1591_02,0.9217709
1598_01,0.74927664
1598_02,0.82719123
1600_01,0.24741292
1605_01,0.1344226
1607_01,0.62068564
1609_01,0.30370942
1610_01,0.53190935
1616_01,0.41342226
1618_01,0.10427784
1620_01,0.0012359759
1623_01,0.28134617
1627_01,0.73298866
1629_01,1.1697048
1629_02,1.1344806
1629_03,0.98709273
1629_04,0.9797626
1629_05,0.98709273
1629_06,1.0131307
1639_01,0.19743595
1641_01,0.99323446
1642_01,0.01279332
1643_01,0.31421122
1648_01,0.9543144
1652_01,0.67340493
1654_01,0.050048217
1664_01,0.8441312
1665_01,0.9746717
1665_02,0.989119
1667_01,-0.07955426
1675_01,1.023905
1678_01,0.19749166
1679_01,0.35217178
1680_01,0.18341796
1680_02,1.0174838
1683_01,0.20013641
1684_01,0.1228694
1686_01,0.35310337
1689_01,0.84367424
1689_02,1.0026249
1689_03,1.1299981
1692_01,0.54527783
1693_01,0.60728925
1701_01,0.5801567
1702_01,0.84928805
1703_01,0.48506162
1706_01,0.03853178
1707_01,0.46168765
1716_01,0.11453898
1720_01,0.108300485
1722_01,0.025002152
1726_01,0.5967736
1726_02,1.0119747
1726_03,0.25522998
1732_01,0.53363883
1735_01,-0.045269363
1737_01,0.08637916
1741_01,0.71965176
1741_02,0.7042575
1741_03,0.61688393
1743_01,0.05130651
1744_01,0.10062196
1750_01,0.4239664
1751_01,0.9950081
1751_02,1.0033731
1754_01,0.56343824
1756_01,0.80899686
1759_01,0.9951577
1765_01,0.5911547
1773_01,0.14496781
1777_01,-0.060353853
1777_02,0.9989823
1780_01,0.5317433
1784_01,0.2316795
1787_01,0.67730623
1788_01,0.16884966
1789_01,0.33319274
1790_01,0.3530696
1790_02,0.37221894
1791_01,0.97397906
1791_02,0.99034864
1793_01,0.16500331
1793_02,0.5808744
1794_01,0.018627428
1795_01,0.15927708
1801_01,0.7192099
1801_02,0.031640995
1809_01,0.5801567
1814_01,0.55516714
1814_02,0.7212335
1814_03,0.7520955
1815_01,0.9951494
1819_01,0.3186658
1820_01,0.23643583
1824_01,0.24190508
1825_01,0.46442103
1825_02,0.7145783
1830_01,0.75799245
1832_01,0.044879474
1835_01,1.0159897
1835_02,1.0085982
1837_01,1.0196639
1838_01,0.9093857
1839_01,0.19947101
1840_01,0.53363883
1842_01,0.08706063
1845_01,0.17784214
1851_01,-0.072372735
1851_02,1.0046948
1852_01,1.0046948
1852_02,0.97957426
1852_03,1.0093914
1852_04,0.99763644
1858_01,0.9509414
1862_01,0.06084744
1862_02,0.00430595
1862_03,0.64883256
1867_01,0.98892796
1869_01,0.28133988
1870_01,0.3651721
1875_01,0.2226873
1876_01,0.25030166
1883_01,0.58651304
1885_01,0.41534612
1893_01,0.9937618
1894_01,0.99034864
1895_01,0.10933362
1896_01,-0.05208362
1900_01,0.59181255
1904_01,-0.2019652
1909_01,1.0035406
1909_02,0.9981684
1909_03,0.21837495
1910_01,0.9539253
1910_02,-0.03870602
1910_03,0.27303934
1910_04,1.0033731
1912_01,-0.090012275
1913_01,0.96751887
1913_02,0.96396625
1913_03,1.0045173
1914_01,0.73298866
1917_01,0.6789067
1919_01,0.7018496
1921_01,0.021458648
1921_02,0.19824165
1924_01,0.7305222
1929_01,0.01077246
1930_01,0.08735599
1932_01,0.075419396
1934_01,0.27107602
1936_01,0.025561884
1943_01,0.079238564
1944_01,0.4356285
1948_01,-0.042387158
1948_02,0.9882943
1949_01,0.29849198
1951_01,0.9946719
1951_02,-0.24431872
1954_01,0.031085692
1955_01,0.12049638
1958_01,0.038750995
1965_01,0.5911547
1966_01,0.6275974
1970_01,0.18889882
1972_01,0.29805818
1982_01,0.03449182
1986_01,1.0055374
1987_01,0.7694023
1989_01,0.29622766
1990_01,0.9742151
1990_02,0.99962896
1998_01,0.48609287
2002_01,0.98393136
2004_01,0.45205924
2005_01,0.14587206
2005_02,0.7520955
2008_01,0.066391334
2014_01,0.966638
2016_01,0.9950081
2016_02,0.34042448
2017_01,0.18643577
2017_02,0.12641205
2018_01,0.67340493
2020_01,0.96524775
2021_01,0.74519384
2023_01,0.63182324
2023_02,0.67340493
2023_03,0.7644519
2025_01,-0.067418
2030_01,0.40099767
2031_01,0.135874
2033_01,0.22466797
2035_01,-0.10537395
2035_02,0.99034864
2036_01,0.5801567
2036_02,0.35382932
2036_03,0.64883256
2037_01,0.9866028
2037_02,-0.0020980407
2039_01,0.97278875
2039_02,0.99034864
2039_03,0.9751402
2047_01,0.75799245
2048_01,0.3759866
2049_01,0.7171172
2050_01,0.057871204
2057_01,0.56271356
2057_02,0.36975345
2057_03,0.21056008
2057_04,0.4239664
2057_05,0.86784947
2058_01,0.23590405
2064_01,1.003887
2068_01,0.989119
2068_02,0.9197657
2068_03,0.81014794
2068_04,-0.06438495
2068_05,0.78424704
2069_01,0.16282749
2072_01,0.18401447
2072_02,0.11309582
2076_01,0.9915125
2077_01,-0.035174977
2078_01,1.0370572
2079_01,0.68923885
2079_02,0.07605061
2079_03,0.18289346
2093_01,0.30416366
2098_01,0.3137421
2101_01,0.5179451
2101_02,0.36299726
2103_01,0.4277481
2108_01,0.21574809
2108_02,0.26482794
2109_01,0.7284078
2113_01,0.74362385
2119_01,0.426064
2119_02,0.72335315
2122_01,0.67858994
2132_01,0.7072075
2146_01,0.9813935
2146_02,0.97016275
2151_01,0.72335315
2155_01,0.5212928
2157_01,0.2975324
2160_01,-0.03234063
2160_02,1.0005565
2160_03,1.0062343
2165_01,0.5013824
2166_01,0.34966362
2169_01,0.040476575
2170_01,-0.18536074
2174_01,-0.009694915
2176_01,0.60098124
2178_01,0.43572164
2181_01,0.024851417
2184_01,0.9872719
2184_02,1.0140357
2185_01,1.004874
2192_01,0.16998835
2197_01,0.40571523
2199_01,0.31801385
2208_01,0.12722883
2213_01,0.16169004
2214_01,0.28048068
2216_01,0.6551864
2217_01,0.19692197
2218_01,0.33126053
2222_01,0.99034864
2226_01,0.21643028
2227_01,1.023905
2230_01,0.27950296
2236_01,0.47103062
2240_01,0.5236696
2240_02,-0.012703007
2240_03,0.64883256
2242_01,0.61077595
2244_01,0.94155455
2245_01,0.9819353
2245_02,0.9892986
2246_01,0.13999423
2246_02,0.097129844
2247_01,-0.004011009
2248_01,0.06338293
2249_01,0.4412864
2250_01,-0.021608025
2259_01,0.22107549
2259_02,0.97729206
2260_01,0.978838
2265_01,0.18341783
2271_01,0.013652688
2276_01,0.5814124
2276_02,0.3091396
2283_01,0.057439655
2285_01,0.14061852
2286_01,0.13245152
2290_01,0.7210839
2292_01,0.7072075
2293_01,1.0039304
2294_01,1.1154451
2297_01,0.28243077
2304_01,0.53363883
2307_01,0.7015591
2307_02,0.44495448
2307_03,0.6466652
2307_04,0.7118227
2307_05,0.57286817
2322_01,0.30133563
2323_01,0.10405963
2324_01,0.26597968
2326_01,0.507413
2328_01,0.113720104
2330_01,0.08762844
2331_01,0.9807204
2334_01,0.13747346
2335_01,0.7212335
2337_01,0.7305222
2342_01,0.09261775
2343_01,0.9981684
2343_02,0.58067465
2344_01,-0.0019152496
2344_02,1.0027876
2346_01,-0.023128435
2350_01,0.042054083
2350_02,-0.03393474
2350_03,0.99034864
2351_01,0.21526884
2351_02,0.11345326
2352_01,0.019133743
2354_01,0.20565176
2355_01,1.0017298
2355_02,0.9841282
2355_03,0.32517406
2355_04,1.0247455
2358_01,0.06544986
2359_01,0.24659756
2362_01,0.56589115
2370_01,0.5911547
2370_02,0.7042575
2370_03,0.08887739
2370_04,0.64883256
2371_01,0.22904764
2372_01,0.2285916
2378_01,0.37818816
2378_02,1.0201991
2380_01,-0.19141449
2380_02,0.9461736
2381_01,0.698676
2383_01,0.21925752
2383_02,0.14898369
2386_01,0.9751402
2388_01,0.16753481
2388_02,0.7305222
2393_01,-0.0561792
2394_01,0.34459955
2394_02,0.48056573
2394_03,0.5272541
2400_01,0.2898212
2405_01,0.07159775
2407_01,1.0119303
2408_01,0.6023511
2415_01,1.2525996
2418_01,-0.033400953
2420_01,0.51292694
2422_01,-0.046825033
2422_02,0.9882943
2425_01,0.70421636
2425_02,0.50700665
2425_03,0.5940759
2425_04,0.36975345
2425_05,0.74335665
2425_06,0.7042575
2428_01,0.13387959
2430_01,0.73298866
2430_02,0.58608
2430_03,0.115718685
2434_01,0.6007902
2434_02,0.09670654
2437_01,0.1896467
2440_01,0.4200741
2447_01,0.4662188
2448_01,1.0027876
2448_02,0.97902906
2450_01,-0.15841025
2459_01,0.507413
2464_01,0.012664156
2465_01,0.23436163
2468_01,0.98389214
2469_01,0.9490718
2469_02,0.11260591
2473_01,0.08384364
2481_01,0.7924348
2481_02,0.0099793775
2482_01,-0.09451521
2482_02,-0.13026588
2484_01,1.0884137
2484_02,0.19287732
2485_01,0.13160677
2487_01,0.97278875
2487_02,0.99034864
2487_03,0.23553064
2490_01,0.038008824
2493_01,-0.027527303
2493_02,0.2031436
2494_01,0.9882943
2494_02,-0.15694387
2495_01,0.17889053
2501_01,1.0119303
2504_01,0.39742604
2507_01,0.5801567
2511_01,0.75596285
2514_01,0.61170757
2517_01,0.9859791
2525_01,0.0650523
2529_01,0.23872459
2533_01,0.17588818
2536_01,1.0014691
2538_01,0.9503757
2538_02,0.97016275
2539_01,0.088319205
2543_01,0.52297324
2554_01,0.6978389
2556_01,1.0023916
2563_01,0.75799245
2566_01,0.23336303
2567_01,0.45220882
2567_02,1.0096647
2568_01,0.8304574
2569_01,0.61392224
2570_01,0.61077595
2575_01,0.85560936
2576_01,0.9998568
2577_01,0.7072075
2577_02,0.5532343
2579_01,0.111047566
2583_01,0.53363883
2585_01,1.0035406
2586_01,0.63535815
2587_01,1.0023916
2587_02,1.003887
2600_01,0.9483991
2603_01,0.72335315
2603_02,0.4445332
2604_01,0.507413
2608_01,0.74519384
2610_01,0.12978397
2611_01,0.18209063
2612_01,0.270524
2613_01,0.43164062
2614_01,0.09291401
2615_01,0.28870413
2620_01,0.63535815
2621_01,0.02989613
2623_01,0.15264696
2630_01,-0.071559176
2630_02,0.5532343
2630_03,0.8022774
2632_01,0.1878509
2637_01,0.11334971
2637_02,0.5236696
2637_03,0.64883256
2639_01,0.9490718
2644_01,0.2016029
2653_01,0.1834709
2654_01,-0.10550853
2656_01,1.0140357
2665_01,-0.016242245
2667_01,1.0093914
2667_02,0.042366177
2667_03,-0.079811424
2667_04,0.99763644
2667_05,0.98709273
2669_01,0.19882216
2673_01,0.76235515
2674_01,0.49823502
2674_02,0.3325835
2680_01,-0.03667521
2681_01,0.7437803
2686_01,0.018603152
2689_01,-0.06775015
2694_01,0.99977356
2694_02,0.95792496
2696_01,0.8587281
2699_01,0.0128510585
2705_01,0.7924348
2710_01,1.0046948
2710_02,1.0046948
2711_01,0.677141
2715_01,0.009529155
2715_02,-0.00067018287
2716_01,0.044795003
2716_02,1.0027876
2719_01,1.020921
2719_02,0.97638714
2719_03,0.042077206
2728_01,0.132113
2731_01,0.7210839
2733_01,0.17603442
2735_01,-0.03323324
2742_01,0.72335315
2744_01,0.28607398
2749_01,0.7212335
2757_01,0.11517256
2761_01,0.28602573
2761_02,0.682292
2766_01,0.75799245
2767_01,0.07080834
2771_01,0.18752153
2775_01,0.39861715
2776_01,0.65537107
2777_01,0.911505
2779_01,-0.006851518
2782_01,-0.051225603
2791_01,-0.055503942
2794_01,0.0012643331
2794_02,0.16277146
2794_03,1.1155225
2794_04,0.99034864
2794_05,0.09652999
2794_06,1.0045173
2794_07,0.99034864
2800_01,0.47517213
2803_01,0.9672021
2804_01,0.7210839
2808_01,0.9771728
2808_02,0.99332994
2815_01,0.2467804
2815_02,0.6488554
2815_03,0.23662679
2816_01,0.9381213
2827_01,0.6439057
2828_01,0.10308194
2829_01,0.61077595
2830_01,0.46147707
2833_01,0.7475624
2836_01,1.1493595
2841_01,-0.0034055016
2842_01,0.60098124
2844_01,-0.013753453
2845_01,0.9635906
2845_02,0.9966927
2848_01,0.91817445
2848_02,0.9475857
2848_03,0.911505
2849_01,0.12622754
2850_01,1.0033731
2850_02,1.0002011
2850_03,0.28371608
2850_04,1.0088108
2851_01,0.08370331
2855_01,0.918382
2864_01,0.002471085
2868_01,0.58608
2868_02,0.7644519
2868_03,0.7644519
2868_04,0.895725
2874_01,0.057538167
2879_01,0.043671336
2885_01,0.07229128
2886_01,-0.09737293
2889_01,0.15823418
2895_01,1.0119303
2896_01,0.04312278
2898_01,0.9269685
2898_02,0.9672021
2903_01,0.8748747
2904_01,-0.06818084
2904_02,0.98892796
2911_01,0.7212335
2914_01,0.96915835
2915_01,1.0055374
2916_01,0.9751402
2917_01,-0.02721859
2918_01,0.3392431
2921_01,0.11271929
2922_01,0.5443198
2923_01,0.93392456
2924_01,-0.05820527
2931_01,0.6007902
2931_02,-0.11050047
2932_01,1.0158193
2933_01,0.2850505
2937_01,0.16072983
2939_01,0.92383873
2946_01,-0.010107818
2946_02,0.50672066
2946_03,0.23726273
2946_04,0.24594206
2947_01,0.68609935
2951_01,0.08160855
2952_01,-0.14249879
2955_01,0.20758462
2957_01,0.5911547
2963_01,0.8569601
2967_01,0.57130766
2973_01,0.266716
2974_01,-0.13223857
2976_01,1.0093914
2976_02,1.0173047
2976_03,1.0071268
2976_04,-0.05816501
2977_01,0.37775922
2977_02,-0.27759594
2977_03,-0.07882595
2978_01,0.09485941
2980_01,0.1774397
2981_01,0.7305222
2985_01,0.88029695
2987_01,0.040370055
2989_01,0.44089723
2991_01,0.3392004
2997_01,0.9535007
2997_02,-0.015788037
2997_03,0.16062295
2997_04,1.0018786
2999_01,0.2967631
3002_01,0.1917523
3007_01,0.1522241
3008_01,0.9981684
3008_02,0.06718248
3008_03,0.9503757
3008_04,0.6259537
3008_05,0.9866028
3008_06,1.0035406
3011_01,0.46147707
3016_01,0.4927692
3016_02,0.5727449
3016_03,0.5727449
3016_04,0.04317051
3017_01,0.7990961
3028_01,0.5801567
3031_01,0.99034864
3035_01,0.18442565
3037_01,0.989119
3037_02,1.0035406
3041_01,0.43022063
3043_01,0.5922688
3046_01,0.6011447
3049_01,0.10604016
3051_01,0.06918604
3052_01,0.1324569
3056_01,0.7475624
3057_01,0.26995304
3058_01,0.09299949
3059_01,0.9989823
3069_01,0.10009131
3072_01,0.96396625
3074_01,0.7523709
3075_01,0.6440624
3077_01,0.9797626
3077_02,0.99763644
3078_01,0.028600201
3078_02,-0.003551419
3078_03,0.9872719
3078_04,0.08171813
3086_01,0.66465414
3089_01,0.6413733
3094_01,0.7072075
3097_01,1.0045173
3098_01,0.15389872
3101_01,0.09305732
3105_01,0.989119
3105_02,0.5393697
3105_03,0.989119
3106_01,0.5360046
3107_01,0.75864816
3108_01,0.44949687
3109_01,0.7832858
3115_01,0.82144845
3122_01,0.018851122
3122_02,0.11782343
3125_01,-0.04170397
3125_02,0.14621496
3127_01,0.96071184
3129_01,0.51528955
3135_01,0.19004491
3137_01,0.6525273
3139_01,0.24159272
3141_01,0.9490718
3144_01,0.14622459
3146_01,0.23790875
3148_01,0.52897984
3148_02,0.26213685
3150_01,0.49823502
3151_01,1.0027876
3153_01,0.24177065
3153_02,0.6226626
3154_01,0.72335315
3155_01,0.9672021
3155_02,0.7285813
3156_01,0.14689302
3157_01,-0.039939012
3160_01,0.038270567
3165_01,0.17267045
3167_01,0.84795815
3170_01,0.7212335
3173_01,0.73298866
3177_01,0.22724459
3178_01,1.003887
3183_01,0.2507841
3186_01,0.99034864
3187_01,0.028257042
3190_01,0.041290328
3190_02,0.5703349
3194_01,0.37185037
3198_01,0.08783444
3199_01,0.9283056
3202_01,0.52197397
3207_01,0.42785674
3208_01,0.20208421
3214_01,0.9998568
3222_01,0.50491184
3226_01,1.023905
3228_01,0.17194141
3231_01,0.74095225
3233_01,0.5786678
3234_01,0.2638777
3242_01,0.3141173
3244_01,0.911505
3244_02,0.95715225
3244_03,0.90216213
3245_01,0.8029102
3245_02,0.04844962
3246_01,0.52007467
3249_01,0.0719059
3249_02,0.42432323
3250_01,0.5111814
3251_01,0.054899566
3257_01,0.9951577
3261_01,0.294752
3263_01,0.9998568
3264_01,0.060578305
3265_01,-0.12795112
3265_02,1.0450817
3265_03,1.0181928
3265_04,1.0450817
3266_01,0.20863436
3267_01,0.9873357
3277_01,-0.07096536
3278_01,0.9751402
3281_01,0.9859791
3285_01,0.73418605
3285_02,0.48020315
3286_01,0.09056828
3288_01,0.9749906
3290_01,1.0025783
3290_02,-0.0957469
3291_01,0.75799245
3302_01,0.048077676
3303_01,0.08041433
3306_01,-0.15836026
3307_01,0.95456326
3316_01,0.8832613
3320_01,0.012175467
3320_02,0.03956269
3321_01,0.9998568
3333_01,0.5623192
3334_01,0.57918626
3335_01,-0.017257111
3340_01,-0.07300322
3341_01,0.9792966
3341_02,-0.011041973
3344_01,0.98709273
3344_02,1.0196639
3345_01,0.6307932
3345_02,0.024144707
3345_03,0.74095225
3346_01,0.31302276
3347_01,0.7526439
3347_02,-0.16143943
3351_01,0.72658366
3351_02,0.74602306
3354_01,0.06050101
3355_01,0.5801567
3356_01,0.22704782
3358_01,0.023957135
3362_01,0.11993014
3362_02,0.094102524
3366_01,0.99763644
3367_01,0.5963828
3368_01,0.42373404
3368_02,0.50646466
3368_03,0.13878421
3368_04,0.42373404
3368_05,0.9646376
3368_06,0.07377113
3368_07,0.0016469122
3369_01,-0.14161125
3373_01,0.72335315
3374_01,0.118654154
3375_01,0.06565889
3376_01,0.8928741
3378_01,0.55122924
3379_01,0.87308973
3385_01,0.5470284
3388_01,1.134456
3393_01,0.3850175
3398_01,0.30657926
3399_01,0.1465283
3400_01,0.72335315
3407_01,0.23512527
3407_02,0.35230377
3411_01,0.6744972
3411_02,0.58883494
3411_03,0.19431864
3411_04,0.029934172
3411_05,0.9490718
3411_06,1.0119747
3411_07,0.047894284
3414_01,0.081078224
3416_01,-0.065988496
3427_01,0.3081061
3429_01,0.92207915
3435_01,-0.044715773
3436_01,0.74519384
3448_01,0.1601058
3448_02,0.2184394
3451_01,0.15555723
3452_01,0.3824652
3457_01,0.72335315
3460_01,0.10748113
3463_01,0.39715824
3466_01,-0.06865358
3471_01,-0.1613832
3472_01,0.86617947
3477_01,0.24064083
3477_02,0.9934624
3479_01,0.30204374
3481_01,0.055140715
3482_01,0.058516156
3482_02,0.5801567
3493_01,0.4503595
3494_01,0.1050039
3494_02,1.1669743
3498_01,0.34782264
3500_01,0.49848282
3502_01,0.12340461
3503_01,0.6655511
3505_01,0.14204746
3507_01,0.36061767
3508_01,0.04303063
3508_02,0.97057235
3509_01,1.0071268
3509_02,0.004383853
3510_01,0.6663638
3513_01,0.99945897
3513_02,1.0196639
3513_03,0.369246
3513_04,1.0046948
3516_01,0.07898716
3517_01,0.54706556
3522_01,0.7243134
3524_01,0.22081405
3526_01,-0.05431489
3529_01,1.0023916
3532_01,0.9951577
3538_01,-0.020886462
3541_01,0.75219375
3544_01,0.14107692
3544_02,0.30214763
3545_01,0.22829552
3549_01,-0.027251715
3549_02,0.9989823
3551_01,0.1906569
3554_01,0.13601577
3557_01,0.076991126
3571_01,0.698676
3574_01,0.69255716
3575_01,0.14540291
3580_01,0.7748562
3580_02,0.99763644
3581_01,0.45106235
3583_01,0.27955148
3585_01,0.75799245
3587_01,0.698676
3587_02,0.6810565
3587_03,0.7520955
3589_01,-0.028776346
3589_02,0.6488554
3589_03,0.53076553
3589_04,0.65056586
3589_05,0.23818284
3589_06,0.5727449
3589_07,0.70421636
3590_01,0.49517155
3593_01,0.46991426
3599_01,0.3210437
3601_01,0.059490748
3601_02,0.4460118
3601_03,0.53076553
3601_04,0.495087
3601_05,0.7305222
3601_06,0.10072461
3601_07,0.23279187
3603_01,1.0286841
3603_02,1.014284
3604_01,0.6663638
3611_01,0.37655392
3617_01,0.36276123
3617_02,0.49823502
3617_03,0.32708135
3618_01,0.9461736
3618_02,-0.13705991
3618_03,1.0220203
3618_04,0.10151714
3621_01,0.5619395
3621_02,0.048177928
3623_01,0.77531683
3627_01,1.065867
3632_01,0.35670212
3633_01,0.97397906
3635_01,0.72335315
3635_02,0.43590936
3637_01,0.06265888
3638_01,0.22994745
3643_01,0.698676
3646_01,0.62184507
3646_02,0.61455184
3649_01,0.104144424
3651_01,1.0046948
3656_01,0.6862041
3656_02,0.07524175
3657_01,0.99607295
3657_02,0.97159106
3657_03,0.09963426
3659_01,0.6029302
3659_02,0.6488554
3659_03,0.67730623
3659_04,0.6039651
3659_05,-0.06780112
3659_06,0.84413487
3659_07,0.5236696
3661_01,-0.022238329
3663_01,0.99034864
3666_01,0.73298866
3669_01,0.359233
3670_01,0.62185746
3672_01,0.04450774
3672_02,0.16962698
3673_01,0.58437574
3675_01,0.4784676
3675_02,0.6439057
3675_03,0.7072075
3676_01,1.0131307
3683_01,0.96915835
3683_02,1.0027876
3684_01,0.7024538
3684_02,0.49823502
3685_01,0.447761
3687_01,0.76461303
3689_01,0.34617734
3694_01,0.49717215
3695_01,0.17526284
3696_01,0.9751402
3697_01,0.14743212
3698_01,0.22692889
3701_01,0.96708286
3701_02,0.165862
3701_03,0.99977356
3709_01,0.73298866
3712_01,0.74335665
3712_02,0.67710865
3712_03,0.8560211
3712_04,0.8506002
3712_05,0.5532343
3717_01,0.10443826
3717_02,0.7212335
3718_01,0.9816738
3720_01,0.9998568
3720_02,1.0033731
3720_03,1.000115
3721_01,-0.09766759
3722_01,0.23343638
3723_01,0.28704467
3725_01,0.7072075
3727_01,0.18275118
3730_01,1.0122962
3731_01,0.74095225
3738_01,0.7181897
3740_01,0.085932344
3746_01,0.105487496
3746_02,0.64883256
3746_03,0.5911547
3746_04,0.70421636
3762_01,0.55548775
3763_01,0.043579854
3764_01,0.60098124
3764_02,0.17656375
3766_01,0.9866028
3766_02,1.0027876
3780_01,0.99902004
3782_01,0.25591433
3782_02,-0.056077946
3791_01,0.25118205
3792_01,0.6439057
3794_01,0.7475624
3799_01,0.70187545
3800_01,0.22724392
3802_01,-0.035204887
3806_01,0.7475624
3808_01,0.28699955
3809_01,0.025348091
3809_02,0.2473174
3813_01,0.61077595
3819_01,-0.017303228
3825_01,-0.10569131
3827_01,0.5136663
3828_01,0.8818526
3828_02,0.025914447
3828_03,0.9535007
3829_01,0.3894766
3829_02,0.75047415
3833_01,1.023905
3834_01,0.7072075
3837_01,0.2079777
3840_01,0.05623994
3843_01,0.63224626
3844_01,0.09842342
3844_02,0.9644331
3845_01,0.57087
3855_01,0.61728024
3858_01,0.98294455
3858_02,0.9916307
3858_03,0.011185983
3858_04,-0.010248747
3859_01,0.9490718
3860_01,1.1064856
3861_01,-0.051729288
3863_01,0.3192915
3865_01,0.77070725
3869_01,0.566935
3876_01,1.076622
3876_02,0.7390702
3876_03,1.004874
3877_01,-0.07885948
3878_01,-0.0033500674
3880_01,0.62549037
3881_01,0.48303777
3882_01,0.93076044
3884_01,0.14797685
3885_01,0.1806517
3887_01,1.0455697
3889_01,0.49162313
3889_02,0.47397342
3891_01,0.5927368
3892_01,0.46147707
3892_02,0.08950516
3893_01,-0.019048229
3893_02,1.0067141
3893_03,0.077545896
3900_01,0.40805602
3901_01,0.71030116
3902_01,0.93462443
3905_01,0.75799245
3906_01,-0.08421478
3906_02,0.09316762
3908_01,0.45009503
3908_02,0.64883256
3910_01,0.7475624
3914_01,0.19433263
3918_01,0.051631555
3920_01,-0.17160307
3925_01,-0.18901257
3925_02,-0.06890307
3929_01,0.85172784
3934_01,1.0096647
3934_02,0.54577863
3943_01,0.7819487
3943_02,0.7171172
3943_03,0.15596376
3947_01,0.2482526
3951_01,0.101958305
3953_01,0.5921149
3956_01,0.31431085
3957_01,0.609271
3965_01,0.069122806
3969_01,0.14484113
3972_01,0.9640444
3975_01,0.1938513
3978_01,0.5517464
3979_01,0.021049548
3982_01,-0.016830973
3983_01,0.45640543
3989_01,0.7644519
3989_02,0.8560211
3989_03,0.5986689
3989_04,0.54622984
3990_01,0.698676
3993_01,0.2773229
4004_01,0.15017359
4007_01,0.17406856
4011_01,0.8026083
4012_01,0.97361666
4012_02,0.99763644
4015_01,0.9742151
4015_02,0.18106344
4024_01,1.0550245
4025_01,0.99953717
4028_01,0.63532573
4029_01,0.9859791
4041_01,0.7212335
4048_01,0.9957858
4048_02,0.99034864
4048_03,0.41733867
4051_01,0.7072075
4052_01,0.9740733
4054_01,0.99977356
4054_02,1.1110853
4054_03,0.51970226
4056_01,0.40467155
4057_01,0.38102856
4059_01,0.97906804
4059_02,-0.031317122
4062_01,0.13393413
4067_01,0.29068074
4070_01,1.0159897
4070_02,1.0117512
4070_03,0.73398703
4073_01,0.1734702
4073_02,0.57918626
4074_01,0.06388499
4077_01,-0.03126319
4085_01,0.4936857
4086_01,0.3735424
4086_02,0.72335315
4086_03,0.75780916
4087_01,0.8140755
4088_01,0.7247817
4092_01,0.5921149
4094_01,0.099807486
4094_02,0.2736689
4100_01,1.0323478
4105_01,0.40538484
4111_01,0.7171172
4117_01,0.19975607
4118_01,0.18732452
4119_01,0.70820963
4121_01,-0.050281625
4122_01,0.74764127
4123_01,0.082329184
4124_01,0.62068564
4126_01,-0.09333509
4133_01,0.99215966
4133_02,0.98181045
4136_01,0.9009613
4136_02,0.009243621
4138_01,-0.10106468
4139_01,0.033671502
4146_01,0.36975345
4148_01,0.44949687
4153_01,0.2575695
4155_01,1.0007164
4157_01,-0.10444704
4161_01,0.67885786
4162_01,0.7212335
4164_01,0.97902906
4180_01,1.0085982
4180_02,0.11523023
4187_01,0.31955516
4190_01,1.0467367
4192_01,0.53539586
4193_01,0.5801567
4195_01,0.16895859
4198_01,0.97226405
4200_01,0.3279597
4201_01,0.30953664
4202_01,0.9951577
4202_02,0.12354536
4209_01,0.36382368
4217_01,0.2393326
4224_01,-0.032709166
4224_02,0.39031982
4226_01,0.9228787
4226_02,0.3043011
4227_01,0.72335315
4228_01,0.28619432
4234_01,0.035877902
4234_02,0.13225773
4235_01,0.045827337
4235_02,0.72335315
4236_01,0.5718357
4236_02,0.96662074
4241_01,0.35101238
4247_01,0.752813
4247_02,0.3023824
4248_01,-0.12224922
4248_02,0.1080328
4250_01,0.46147707
4263_01,0.14426172
4263_02,0.7475624
4263_03,0.7305222
4265_01,1.0087774
4268_01,1.014284
4268_02,0.9881622
4269_01,0.8294488
4275_01,0.1388526
4276_01,-0.045538712
4277_01,0.53617793
4279_01,0.1293643
4281_01,0.117340714
4282_01,0.9946719
4283_01,0.5644906
4284_01,0.98721975
4284_02,0.028292099
4285_01,0.61913806
4286_01,0.36975345
4286_02,0.031684306
4286_03,0.5911547
4287_01,0.7371202
4288_01,0.7072075
4288_02,0.3888458
4290_01,0.08983807
4298_01,0.104110025
4298_02,1.0062343
4298_03,0.9751402
4299_01,0.062536
4304_01,0.12161855
4307_01,0.9859791
4308_01,0.7475624
4310_01,0.02119567
4313_01,0.20081906
4314_01,0.49503115
4321_01,0.9998568
4322_01,0.7475624
4323_01,0.989119
4323_02,0.28033096
4323_03,0.53040653
4323_04,0.98521864
4325_01,0.8460047
4326_01,0.20992015
4328_01,0.7475624
4331_01,0.53363883
4341_01,0.6829452
4341_02,0.61688393
4342_01,0.47693294
4353_01,0.17156278
4355_01,0.5801567
4363_01,0.5092761
4374_01,0.1239689
4375_01,0.97682005
4377_01,0.7212335
4377_02,0.11328824
4377_03,0.8560211
4378_01,-0.032425474
4378_02,0.12737174
4379_01,0.7072075
4380_01,0.029901486
4381_01,0.5031172
4381_02,0.5110959
4384_01,0.09278905
4385_01,0.29459515
4385_02,0.6751476
4385_03,0.7520955
4389_01,0.11636871
4394_01,0.2187567
4398_01,0.225427
4406_01,0.070621386
4412_01,0.06543921
4414_01,0.9998568
4417_01,1.000115
4418_01,0.22579868
4419_01,0.06499241
4419_02,0.19638929
4420_01,0.09783549
4420_02,0.4295825
4421_01,0.29909408
4423_01,0.076234475
4425_01,1.0159897
4425_02,0.47647873
4434_01,-0.05826479
4435_01,1.0136458
4435_02,0.7880836
4439_01,0.63009304
4439_02,0.821659
4442_01,1.1163013
4443_01,0.7093639
4443_02,0.24558938
4454_01,0.9849538
4455_01,-0.0061759152
4455_02,0.5210857
4455_03,0.69500613
4458_01,0.7475624
4460_01,0.93786335
4468_01,0.7437803
4471_01,-0.09914118
4478_01,0.21947849
4480_01,0.43935645
4481_01,0.10768506
4484_01,0.028684942
4488_01,0.10679025
4489_01,0.2372229
4495_01,-0.07557684
4499_01,0.53363883
4503_01,-0.13607872
4504_01,1.083024
4507_01,0.02061448
4513_01,0.3312554
4519_01,0.3044418
4520_01,0.5963635
4523_01,0.8560211
4523_02,0.73298866
4523_03,0.17467706
4523_04,0.49823502
4523_05,0.8560211
4523_06,0.58437574
4525_01,-0.23448801
4526_01,0.28545412
4527_01,0.09301533
4528_01,0.49193054
4536_01,-0.22470836
4540_01,0.7212335
4541_01,-0.0335161
4545_01,0.18867856
4548_01,1.0159897
4551_01,0.9802821
4551_02,1.0637987
4551_03,0.99781567
4551_04,1.0133098
4554_01,0.015158575
4556_01,0.36639288
4566_01,0.122628815
4578_01,0.31439248
4579_01,0.7924348
4582_01,0.9871356
4582_02,0.49823502
4582_03,0.49823502
4582_04,0.8560211
4582_05,0.75799245
4582_06,0.5820114
4582_07,0.58437574
4583_01,1.0039304
4583_02,1.0201991
4583_03,0.80323994
4584_01,0.13607995
4588_01,0.05628051
4589_01,0.060002048
4590_01,0.39862454
4598_01,0.10244064
4599_01,0.7212335
4600_01,0.7475624
4600_02,0.5333176
4601_01,0.12788849
4614_01,0.38900024
4614_02,0.11466717
4616_01,0.16443437
4618_01,0.32673284
4619_01,1.0352938
4626_01,0.99781567
4626_02,0.08639079
4627_01,-0.0009993339
4629_01,0.19767067
4636_01,0.66693294
4639_01,1.0066487
4639_02,1.0066487
4639_03,-0.10940651
4639_04,0.078861214
4639_05,1.0002912
4639_06,0.68085235
4647_01,0.73298866
4660_01,0.8743243
4666_01,0.13665059
4669_01,1.0046948
4670_01,0.52472097
4671_01,0.9733969
4671_02,0.413934
4671_03,0.5255283
4671_04,0.9957858
4674_01,-0.03483574
4675_01,0.613703
4675_02,0.2313054
4681_01,-0.026412778
4682_01,0.7437803
4683_01,0.97397906
4683_02,0.5976604
4685_01,1.000115
4687_01,0.045659266
4688_01,0.08453284
4692_01,-0.16330503
4697_01,0.9490718
4698_01,0.9998982
4700_01,0.9535007
4701_01,1.0129795
4701_02,1.0159897
4701_03,1.0029988
4701_04,0.98709273
4702_01,0.75799245
4702_02,0.11016679
4703_01,0.9872719
4703_02,1.004874
4705_01,0.44928375
4705_02,0.21832721
4707_01,0.048178785
4707_02,0.05912967
4715_01,0.84589005
4716_01,0.32377774
4718_01,1.0104251
4722_01,0.107929654
4724_01,0.9640444
4727_01,0.3832992
4727_02,0.33319274
4729_01,0.31657404
4731_01,0.5801567
4734_01,0.02023544
4735_01,0.13526715
4736_01,0.9998568
4737_01,0.304078
4740_01,0.75799245
4742_01,0.0018900211
4745_01,0.7475624
4747_01,1.0108918
4747_02,0.2878934
4749_01,0.043343708
4751_01,0.3219223
4760_01,0.34906378
4761_01,0.5911547
4761_02,0.7475624
4761_03,0.30046734
4765_01,0.8322548
4766_01,0.9950081
4767_01,0.6384358
4768_01,0.7500727
4768_02,0.9640444
4771_01,0.7536142
4776_01,0.97278875
4776_02,0.35990226
4776_03,0.99034864
4776_04,0.9957858
4779_01,0.18387641
4781_01,0.1933009
4789_01,0.5911321
4799_01,0.097825184
4799_02,0.15465814
4799_03,0.25110734
4800_01,0.13576278
4802_01,0.70421636
4802_02,-0.047653098
4805_01,0.5157028
4806_01,0.5389656
4809_01,-0.096880525
4811_01,0.72335315
4812_01,0.97159106
4816_01,0.18300986
4820_01,0.9937638
4820_02,0.05849017
4821_01,0.4593292
4824_01,0.9822503
4825_01,1.000115
4826_01,0.7949786
4833_01,-0.016680988
4833_02,0.24195017
4834_01,0.7072075
4835_01,0.08608884
4839_01,-0.15706894
4843_01,0.16977642
4843_02,0.20200343
4844_01,0.02018675
4849_01,1.003887
4852_01,0.62068564
4854_01,1.023905
4855_01,0.5801567
4855_02,0.53363883
4858_01,-0.074195296
4859_01,0.7072075
4860_01,0.24456084
4861_01,0.78884524
4865_01,0.05584374
4867_01,0.13201882
4869_01,0.06530037
4872_01,0.32917726
4877_01,0.15527374
4894_01,0.75799245
4905_01,0.60098124
4906_01,0.47050828
4907_01,0.75799245
4908_01,0.12485916
4914_01,0.06191609
4919_01,0.36913705
4921_01,0.01691907
4922_01,0.8246231
4926_01,0.11733315
4928_01,0.51811004
4931_01,0.94404066
4935_01,0.17411098
4935_02,0.5911547
4935_03,0.36094943
4936_01,0.056365043
4947_01,0.058068193
4948_01,0.27778327
4949_01,0.98892796
4949_02,0.009213323
4953_01,0.99489594
4955_01,0.023901263
4957_01,1.0284617
4959_01,0.9951577
4960_01,-0.0144411465
4962_01,0.98721975
4966_01,1.095883
4966_02,0.98709273
4967_01,0.1774838
4968_01,0.60098124
4969_01,0.106701285
4969_02,0.55761355
4971_01,0.7072075
4976_01,0.731221
4982_01,0.7210839
4984_01,0.38967964
4984_02,0.26972464
4985_01,0.9490718
4986_01,-0.07517134
4988_01,0.9932046
4993_01,0.68605256
4994_01,0.0883461
5001_01,0.33319274
5002_01,0.7212335
5011_01,0.7475624
5022_01,0.46070597
5024_01,0.7520955
5024_02,0.5682019
5024_03,0.4936222
5024_04,0.2064312
5024_05,0.51319087
5026_01,0.40093586
5029_01,0.9535007
5029_02,0.9640444
5030_01,0.45113128
5031_01,0.056049317
5031_02,0.28649393
5033_01,0.11543757
5033_02,0.09923297
5037_01,0.36568862
5038_01,-0.037342608
5038_02,1.0062343
5041_01,0.41443118
5043_01,0.9742151
5043_02,0.9795188
5043_03,0.057895645
5045_01,0.9998568
5046_01,0.74519384
5047_01,0.72335315
5049_01,0.35329682
5053_01,0.0053668814
5054_01,0.0008635343
5055_01,0.5911547
5056_01,0.81377196
5056_02,0.7388117
5066_01,0.31552058
5071_01,0.65140074
5075_01,0.82934606
5077_01,0.23406251
5078_01,0.06716375
5079_01,1.000115
5081_01,0.66946507
5082_01,0.6986895
5086_01,0.98958653
5086_02,0.13802882
5092_01,0.6119359
5094_01,0.61077595
5094_02,0.17711106
5096_01,-0.1439532
5096_02,0.04444504
5098_01,-0.006462103
5098_02,0.52513564
5098_03,0.7644519
5099_01,0.2963426
5100_01,1.0039304
5101_01,0.75484884
5102_01,0.1003688
5107_01,0.052732516
5110_01,1.0141397
5113_01,0.049576964
5114_01,0.9951494
5117_01,0.29877648
5118_01,1.0132222
5119_01,0.540372
5121_01,-0.05297684
5123_01,0.0058915094
5131_01,0.7357243
5131_02,0.9978042
5134_01,0.15060018
5135_01,-0.055726547
5139_01,0.466803
5141_01,0.99034864
5143_01,0.521908
5147_01,0.60697234
5149_01,-0.019567318
5149_02,1.0106176
5150_01,0.9881622
5153_01,0.7171172
5155_01,0.3205249
5159_01,0.8217366
5159_02,-0.025254909
5164_01,0.99781567
5164_02,1.00357
5168_01,0.103397794
5169_01,0.0040798853
5172_01,0.44240177
5178_01,0.5129051
5183_01,0.9508928
5189_01,0.95183474
5191_01,-0.08256287
5195_01,-0.25985828
5200_01,0.25907728
5203_01,0.94848424
5203_02,0.9771728
5212_01,0.2561301
5215_01,0.01034194
5219_01,0.9998568
5219_02,0.71174616
5222_01,0.6439057
5228_01,0.3397726
5228_02,0.8022774
5231_01,0.030918766
5232_01,0.045769557
5232_02,0.18467611
5233_01,0.34197456
5237_01,1.0045173
5241_01,0.15014508
5241_02,0.7475624
5245_01,0.5570634
5259_01,0.06713611
5261_01,0.28610998
5263_01,0.11075036
5267_01,0.6039651
5267_02,0.61077595
5267_03,0.90925634
5270_01,0.60907996
5283_01,0.37249118
5284_01,0.95784247
5285_01,0.99977356
5286_01,0.01668024
5289_01,0.35856915
5293_01,0.09762201
5293_02,0.11885696
5294_01,0.44329423
5295_01,0.19016217
5296_01,0.56912696
5302_01,1.0033411
5306_01,0.22769322
5306_02,0.77601683
5308_01,0.7018496
5308_02,0.7212335
5308_03,0.14314653
5309_01,1.0035406
5311_01,0.5921149
5317_01,0.12105186
5317_02,0.7210839
5318_01,0.5911547
5318_02,0.9982709
5319_01,0.12730305
5321_01,0.524403
5324_01,0.5179451
5328_01,0.97729206
5329_01,-0.23511647
5329_02,0.5727449
5329_03,0.67730623
5329_04,0.36975345
5329_05,0.3579392
5329_06,0.33783373
5329_07,0.6039651
5332_01,0.6139467
5335_01,0.9873357
5335_02,0.9605858
5335_03,0.2938607
5335_04,0.4382456
5336_01,0.64317703
5338_01,0.69032913
5339_01,0.22196907
5339_02,0.89231807
5339_03,0.98892796
5342_01,0.21233031
5349_01,0.5801567
5352_01,0.7305222
5357_01,0.978838
5357_02,0.9981684
5357_03,0.14680816
5357_04,0.04436416
5358_01,0.4053429
5364_01,0.60098124
5369_01,0.43607813
5369_02,0.09737155
5369_03,0.9998982
5370_01,0.74602515
5371_01,1.0119747
5371_02,0.15601581
5371_03,0.9951577
5371_04,1.0033731
5373_01,-0.051598642
5376_01,1.0027876
5376_02,0.98521864
5377_01,0.9932046
5381_01,0.005608654
5382_01,1.0095707
5382_02,1.0159985
5386_01,0.61077595
5391_01,0.024812466
5393_01,0.201349
5398_01,0.9749906
5399_01,-0.022756368
5400_01,0.60907996
5403_01,0.03985949
5405_01,-0.05206142
5407_01,0.6368408
5409_01,0.045521762
5417_01,-0.09649982
5419_01,-0.051658027
5426_01,0.51104885
5428_01,0.2071618
5428_02,0.74362385
5429_01,-0.048258528
5432_01,0.9186629
5433_01,1.048795
5439_01,0.25825506
5442_01,0.25481537
5444_01,0.2226931
5448_01,0.09254482
5449_01,0.18348914
5456_01,-0.03143093
5460_01,0.20023848
5461_01,-0.15790421
5464_01,0.6133095
5473_01,0.6039651
5473_02,0.22606911
5481_01,1.0093914
5482_01,0.37245604
5482_02,0.15286642
5486_01,0.7876773
5493_01,0.7212335
5495_01,0.97397906
5498_01,0.60098124
5498_02,0.60098124
5502_01,0.92874223
5503_01,0.04097005
5505_01,0.32341313
5505_02,0.7174233
5505_03,0.7520955
5513_01,0.7072075
5513_02,0.8560211
5513_03,0.02616558
5513_04,0.8560211
5516_01,-0.03881403
5518_01,0.012840332
5519_01,0.31271508
5525_01,0.3225197
5532_01,0.71884686
5533_01,0.0680121
5534_01,0.65070033
5542_01,-0.0051686848
5547_01,0.61077595
5548_01,0.4618562
5549_01,0.9866028
5553_01,0.98583955
5553_02,0.4681457
5554_01,0.53363883
5558_01,0.22374125
5562_01,0.98532903
5562_02,0.9946719
5564_01,0.37840346
5565_01,0.19550525
5567_01,0.19143595
5570_01,0.73298866
5576_01,0.17755322
5577_01,0.6226626
5577_02,0.58437574
5577_03,0.8560211
5577_04,0.8560211
5577_05,0.67340493
5579_01,0.97902906
5584_01,0.9751402
5584_02,0.027343497
5588_01,0.12832446
5588_02,1.0014691
5588_03,1.0096647
5588_04,0.8464109
5588_05,0.9942326
5590_01,0.45220882
5593_01,0.09894019
5597_01,1.0597372
5600_01,0.61077595
5604_01,0.12706044
5605_01,-0.055951897
5607_01,0.50443876
5612_01,0.7212335
5617_01,-0.016024215
5620_01,0.3414332
5620_02,0.07226647
5621_01,0.15886512
5624_01,0.72335315
5630_01,0.84589005
5632_01,1.0011526
5633_01,0.03828195
5634_01,0.6648016
5635_01,0.10597084
5636_01,0.29850924
5638_01,0.7171172
5641_01,0.7072075
5649_01,0.9751402
5654_01,0.015204657
5656_01,0.23847848
5657_01,0.06342408
5658_01,0.008562417
5660_01,0.18601449
5664_01,0.7018496
5664_02,0.7520955
5664_03,0.7644519
5664_04,0.56291795
5665_01,0.016254913
5666_01,0.2617054
5668_01,0.9543144
5669_01,0.7171172
5670_01,0.7243134
5672_01,0.7305222
5675_01,0.6026472
5676_01,0.2473174
5678_01,0.99034864
5678_02,0.354038
5682_01,0.72824025
5683_01,-0.035383023
5690_01,0.162504
5691_01,1.0036954
5694_01,0.9535007
5697_01,0.48768467
5699_01,0.24700972
5703_01,0.40628815
5708_01,0.50756264
5715_01,0.8324148
5715_02,0.54411125
5720_01,0.6561559
5720_02,0.5632163
5731_01,0.10337101
5731_02,0.47118664
5734_01,1.023905
5734_02,0.23412979
5741_01,0.12171274
5743_01,0.12201238
5745_01,0.7475624
5749_01,0.14778896
5752_01,0.24934526
5753_01,0.08892616
5754_01,0.2341894
5759_01,0.77070725
5760_01,0.12568057
5762_01,0.057803366
5766_01,0.9490718
5770_01,1.0449631
5774_01,0.21812908
5775_01,0.9751402
5782_01,0.30881068
5782_02,0.2537291
5782_03,0.73841834
5782_04,0.6439057
5784_01,0.61942536
5787_01,0.25046197
5787_02,0.7305222
5787_03,0.5083587
5789_01,0.7520955
5789_02,0.73298866
5797_01,0.9866028
5798_01,0.23383251
5801_01,0.18834206
5803_01,0.5801567
5805_01,0.13991219
5807_01,0.15357843
5815_01,-0.03253663
5815_02,0.039442368
5815_03,0.13757919
5815_04,0.101171784
5830_01,0.07044542
5832_01,0.18736759
5833_01,0.26349536
5838_01,0.58231425
5841_01,0.9957858
5841_02,1.0121241
5841_03,0.99034864
5845_01,0.5179451
5850_01,1.0047735
5851_01,0.2441077
5851_02,1.0067141
5853_01,0.24136238
5862_01,0.19018663
5864_01,0.43669516
5865_01,0.21053365
5866_01,0.20440164
5870_01,0.62068564
5872_01,0.57086146
5873_01,-0.03157893
5873_02,0.5911547
5873_03,0.37728572
5881_01,1.0136458
5883_01,0.978838
5884_01,0.20248589
5892_01,-0.03456471
5893_01,-0.06761322
5893_02,0.30362505
5895_01,0.33075422
5896_01,0.5150322
5899_01,0.011549054
5904_01,0.9859791
5904_02,-0.092676744
5910_01,-0.03646816
5911_01,0.7520955
5911_02,0.0410554
5911_03,0.10702618
5911_04,0.58437574
5911_05,0.5986689
5911_06,0.6226626
5914_01,0.7072075
5917_01,0.7072075
5918_01,0.4239664
5926_01,0.46147707
5929_01,0.45451397
5932_01,0.29011017
5935_01,0.18183014
5936_01,0.9635906
5936_02,0.9932046
5936_03,0.07293615
5936_04,0.58124757
5936_05,-0.13338064
5937_01,0.74095225
5940_01,0.26943654
5942_01,0.9981684
5942_02,0.9535007
5943_01,-0.13535228
5948_01,0.06873089
5958_01,0.29910034
5961_01,0.97016275
5961_02,0.9866028
5962_01,0.5230104
5964_01,0.99763644
5964_02,1.0102459
5966_01,0.7520955
5966_02,0.75799245
5978_01,0.2467899
5978_02,0.23279187
5979_01,0.45220882
5982_01,0.027951999
5996_01,0.57918626
5997_01,0.56764996
5997_02,1.0036954
6002_01,0.6457401
6005_01,0.7520955
6005_02,0.6995202
6005_03,0.67364454
6005_04,0.047617596
6005_05,0.51319087
6009_01,-0.010664679
6009_02,-0.10640816
6012_01,0.12103915
6013_01,0.50756264
6018_01,0.03930266
6021_01,0.74519384
6023_01,-0.0081550395
6037_01,0.5179451
6044_01,-0.07637971
6044_02,0.4927692
6046_01,0.22644377
6050_01,1.003887
6051_01,-0.10825868
6051_02,0.19374967
6053_01,0.21202981
6056_01,0.04126466
6057_01,0.72897357
6060_01,0.0907417
6063_01,0.7305222
6072_01,0.20374991
6074_01,0.6299105
6074_02,0.63009304
6074_03,1.0033411
6078_01,0.7230981
6079_01,0.61077595
6081_01,0.9751402
6081_02,0.22939126
6081_03,0.9749906
6081_04,0.9957858
6083_01,0.06666064
6084_01,0.9664446
6088_01,0.6070488
6089_01,0.7212335
6093_01,0.6488554
6097_01,0.45332655
6100_01,0.34353665
6104_01,0.9311447
6113_01,0.1626304
6114_01,0.09396976
6119_01,0.9859791
6119_02,0.26854056
6119_03,1.0096647
6125_01,0.24759614
6129_01,-0.0076037897
6131_01,-0.16209918
6134_01,0.357303
6140_01,0.067446515
6142_01,-0.0068721585
6142_02,0.9415244
6144_01,0.61077595
6147_01,-0.011817847
6151_01,0.016867293
6151_02,0.9966927
6154_01,0.6007902
6159_01,0.080247924
6160_01,0.24728371
6160_02,0.698676
6161_01,0.29622766
6164_01,0.82287973
6165_01,0.7990015
6177_01,-0.105757535
6183_01,0.024955817
6185_01,-0.03581807
6187_01,1.0014691
6188_01,0.46147707
6190_01,0.5778053
6193_01,1.000115
6193_02,1.0033411
6193_03,0.07906706
6193_04,0.4155952
6195_01,0.09605962
6196_01,1.0368252
6197_01,0.507413
6198_01,0.14018865
6202_01,0.92768335
6203_01,0.19946344
6204_01,0.6988668
6209_01,-0.005826467
6209_02,0.95436174
6210_01,1.0095707
6212_01,0.6007902
6214_01,0.70887333
6217_01,0.998204
6217_02,0.07144292
6221_01,0.9881622
6226_01,0.14615436
6231_01,0.8560211
6231_02,0.74519384
6231_03,0.11684553
6233_01,0.43398094
6233_02,0.4376059
6233_03,0.75799245
6235_01,0.97016275
6240_01,0.96123767
6242_01,1.0085982
6244_01,0.15889734
6244_02,0.93786335
6247_01,-0.09453967
6255_01,1.0035406
6257_01,0.53363883
6257_02,0.2248697
6257_03,0.70421636
6258_01,0.38281545
6259_01,0.40000793
6260_01,0.07041902
6260_02,0.24525324
6261_01,0.50345546
6261_02,0.58651304
6267_01,-0.00723144
6267_02,0.27121776
6267_03,0.978838
6267_04,0.9751287
6267_05,0.9503757
6267_06,0.9535007
6269_01,0.47984087
6269_02,0.07699522
6269_03,1.0007164
6272_01,0.29705405
6272_02,0.85375637
6275_01,0.47937858
6278_01,1.023905
6278_02,0.9816738
6284_01,0.9798393
6286_01,0.25596988
6286_02,0.33319274
6287_01,0.15341654
6287_02,0.20127028
6288_01,1.0085982
6288_02,0.43119904
6288_03,0.99763644
6288_04,1.3004028
6291_01,0.40271255
6294_01,0.74519384
6295_01,1.0027876
6295_02,0.6803731
6298_01,0.9093857
6303_01,0.22804175
6306_01,0.7284078
6307_01,0.07871855
6310_01,0.030279595
6311_01,0.80205375
6312_01,0.9054908
6312_02,-0.005525774
6314_01,0.18757443
6329_01,0.900021
6332_01,0.5911547
6332_02,0.6978226
6332_03,0.5801567
6332_04,-0.06663384
6332_05,0.23008835
6332_06,0.61077595
6332_07,0.60420626
6332_08,0.087941535
6333_01,0.05179507
6336_01,0.1676247
6337_01,0.7058537
6342_01,0.3201319
6342_02,0.33812627
6345_01,0.9998568
6345_02,0.9998568
6350_01,0.4129738
6352_01,1.0734782
6352_02,1.0375274
6358_01,0.74749315
6358_02,0.36975345
6359_01,0.16930446
6362_01,0.3680562
6364_01,0.57918626
6375_01,0.33362293
6377_01,0.9951577
6379_01,0.1533931
6382_01,0.20527783
6383_01,0.8560211
6383_02,0.7018496
6383_03,0.574381
6384_01,0.2248167
6386_01,0.50964296
6387_01,0.43462127
6389_01,0.19644873
6391_01,0.98940873
6391_02,0.98181045
6392_01,1.000115
6393_01,0.58651304
6395_01,0.7354795
6401_01,0.883112
6401_02,0.20509668
6403_01,0.1157885
6410_01,0.102493286
6410_02,0.11905478
6417_01,0.9998568
6420_01,0.29944566
6423_01,0.24855804
6425_01,0.14197609
6425_02,0.35990226
6426_01,0.15601179
6427_01,0.99034864
6429_01,0.7609237
6435_01,-0.006063158
6438_01,-0.027822018
6440_01,0.62068564
6441_01,0.18191904
6445_01,0.19662097
6460_01,0.4156255
6465_01,0.75799245
6466_01,0.12790161
6467_01,0.086293414
6469_01,0.7212335
6474_01,0.15101327
6476_01,0.12402625
6479_01,0.9075599
6479_02,0.90931505
6483_01,0.9798393
6484_01,-0.003649469
6486_01,0.93502915
6491_01,0.05147419
6491_02,0.03344265
6491_03,0.8560211
6495_01,0.15141356
6496_01,0.5911547
6496_02,0.4509097
6497_01,0.64228565
6498_01,0.49823502
6499_01,0.23279187
6499_02,0.41298833
6499_03,0.4460118
6499_04,0.67730623
6499_05,0.15576102
6499_06,0.7305222
6499_07,0.5911547
6499_08,0.27950296
6504_01,0.97729206
6504_02,0.4712872
6505_01,0.09170449
6506_01,0.14496668
6506_02,0.24505495
6507_01,0.29622766
6515_01,0.92646265
6516_01,1.0095707
6516_02,1.0161688
6518_01,1.0402507
6519_01,0.16810252
6521_01,0.20991792
6524_01,0.3548465
6527_01,0.74362385
6528_01,0.5911547
6532_01,0.11283294
6533_01,0.58903503
6533_02,-0.027581548
6534_01,0.1725727
6536_01,-0.031547796
6537_01,0.029540852
6538_01,0.47091344
6542_01,-0.037297998
6543_01,0.91133636
6550_01,0.03629265
6551_01,0.6912457
6554_01,0.43225542
6555_01,0.78658915
6559_01,0.7520955
6559_02,0.49823502
6559_03,0.615502
6564_01,0.54383796
6564_02,0.989119
6566_01,-0.03961506
6571_01,0.13398851
6575_01,0.99781567
6576_01,0.99034864
6577_01,0.03806143
6577_02,0.16175477
6577_03,0.74519384
6579_01,0.5801567
6581_01,0.17986746
6584_01,1.089444
6586_01,0.01615807
6587_01,0.77070725
6589_01,0.9415244
6596_01,0.7713234
6596_02,0.019208174
6597_01,0.14882466
6600_01,0.9544867
6600_02,0.006509841
6605_01,0.74095225
6605_02,0.49823502
6607_01,0.51587886
6610_01,0.46147707
6612_01,0.5682019
6612_02,0.16165662
6612_03,-0.069226004
6612_04,0.58437574
6612_05,0.53978044
6612_06,0.48056573
6615_01,0.9749906
6617_01,0.9718541
6617_02,0.97729206
6617_03,1.0027876
6619_01,-0.06204508
6627_01,1.0510808
6629_01,0.9556334
6632_01,0.127428
6636_01,0.74095225
6640_01,1.0018786
6644_01,0.20930259
6648_01,0.50756264
6651_01,0.25042516
6653_01,0.97276217
6657_01,0.60098124
6658_01,0.6457715
6658_02,0.9951577
6658_03,0.13652152
6661_01,0.5449569
6666_01,0.20338047
6677_01,0.60098124
6678_01,0.06710644
6678_02,1.0097824
6679_01,0.04422117
6682_01,0.9751402
6682_02,0.5145412
6685_01,-0.47710568
6686_01,0.281965
6687_01,0.06371988
6688_01,0.97902906
6689_01,0.24772151
6689_02,0.56501734
6690_01,0.75799245
6695_01,0.4546226
6696_01,0.9062323
6700_01,0.6007902
6700_02,0.023954425
6701_01,0.99763644
6703_01,-0.006777452
6704_01,0.2646066
6705_01,0.38061714
6710_01,0.698676
6712_01,0.055987276
6714_01,0.4129283
6715_01,-0.03115466
6716_01,0.21453206
6717_01,0.978838
6723_01,0.28162372
6728_01,0.978838
6732_01,0.28766903
6733_01,0.67235124
6735_01,0.4418533
6737_01,0.3227345
6738_01,0.41546938
6738_02,0.9924502
6740_01,0.17586277
6743_01,1.000115
6752_01,-0.14361031
6752_02,0.2059863
6752_03,0.123919986
6755_01,0.056084268
6759_01,0.60098124
6767_01,0.007854401
6767_02,0.30209917
6768_01,-0.024617312
6769_01,1.014284
6770_01,0.97902906
6770_02,0.978838
6770_03,1.0027876
6771_01,-0.0030170472
6772_01,0.50756264
6772_02,0.4294449
6777_01,0.98521864
6781_01,0.97177577
6783_01,0.5333176
6785_01,0.58903503
6790_01,0.14120233
6791_01,0.7232646
6793_01,0.94892126
6793_02,0.9981684
6795_01,0.24853742
6797_01,0.16010219
6803_01,0.39388418
6804_01,0.43918547
6807_01,0.7707006
6807_02,0.50756264
6809_01,0.083981715
6811_01,0.63535815
6812_01,0.2533821
6812_02,0.043179892
6815_01,0.20962784
6819_01,0.381089
6819_02,0.74095225
6819_03,0.7644519
6823_01,0.7072075
6828_01,0.72335315
6830_01,0.61077595
6835_01,0.45617312
6835_02,0.23399714
6836_01,0.353734
6838_01,0.99721646
6838_02,-0.021649823
6838_03,0.01070377
6842_01,-0.02673252
6845_01,0.9803021
6846_01,0.075493015
6847_01,-0.20208839
6849_01,0.16027443
6852_01,0.6568373
6852_02,0.032633074
6855_01,0.3115636
6856_01,0.0016053978
6860_01,0.31537297
6867_01,0.5598172
6870_01,0.116416484
6872_01,0.60098124
6874_01,0.74519384
6875_01,0.29239342
6875_02,0.0528752
6875_03,0.92812574
6876_01,0.76976174
6876_02,0.7520955
6876_03,0.7644519
6877_01,0.25582686
6878_01,0.9951577
6881_01,0.29309818
6884_01,0.62068564
6886_01,0.75799245
6888_01,0.44132227
6888_02,0.97729206
6888_03,0.96915835
6888_04,-0.047207978
6890_01,0.16236666
6897_01,0.17310771
6904_01,0.62068564
6904_02,0.60098124
6904_03,0.7283661
6909_01,0.97016275
6914_01,0.57918626
6916_01,1.0284617
6919_01,0.59944445
6922_01,0.5911547
6923_01,0.97397906
6927_01,-0.0268541
6933_01,0.9415244
6933_02,0.9721516
6935_01,0.027878808
6936_01,0.08823353
6936_02,-0.095649585
6936_03,1.0045173
6938_01,0.60098124
6941_01,0.62068564
6942_01,0.77070725
6948_01,0.7212335
6952_01,0.98892796
6953_01,0.588134
6955_01,0.080137506
6956_01,0.37847438
6958_01,0.23236
6959_01,0.16590935
6959_02,0.7644519
6959_03,0.8560211
6961_01,0.23825057
6961_02,0.21947458
6965_01,0.9795188
6969_01,0.02638543
6974_01,0.17889008
6975_01,0.07227234
6983_01,0.9795188
6983_02,-0.055997796
6986_01,0.17656375
6986_02,0.22344825
6986_03,0.70421636
6986_04,0.36975345
6986_05,0.60098124
6986_06,0.24398035
6986_07,0.4608945
6986_08,0.27950296
6989_01,0.79324764
6993_01,0.24920134
7000_01,0.9859791
7003_01,0.25634015
7009_01,0.093300894
7009_02,-0.04235578
7012_01,0.9751402
7023_01,0.06075505
7024_01,0.4809557
7030_01,0.06337555
7033_01,0.33586374
7035_01,0.69151133
7043_01,0.6439057
7046_01,-0.06143975
7046_02,0.05934812
7046_03,0.16467422
7054_01,1.1502678
7054_02,0.99781567
7055_01,1.0286841
7063_01,0.19060002
7063_02,0.09802455
7064_01,0.4629537
7065_01,0.9166788
7066_01,0.22057198
7066_02,0.7024538
7067_01,0.5986689
7067_02,0.51319087
7067_03,0.1768263
7070_01,0.6679048
7075_01,0.027911149
7076_01,0.60098124
7081_01,0.8250132
7081_02,0.9535007
7100_01,0.7273282
7100_02,0.02938297
7101_01,-0.017288586
7101_02,0.016666204
7102_01,0.99624974
7103_01,-0.011761542
7103_02,1.0062343
7107_01,0.60098124
7108_01,-0.03349825
7112_01,0.9722716
7115_01,0.9311447
7122_01,0.59741116
7123_01,0.30387565
7124_01,1.0027876
7124_02,0.96915835
7124_03,0.29410076
7125_01,0.9610336
7129_01,0.81680065
7130_01,0.60098124
7130_02,0.70421636
7130_03,0.27684245
7130_04,0.065387614
7130_05,0.7305222
7130_06,0.495087
7130_07,0.10617768
7131_01,0.469942
7135_01,0.82144845
7135_02,0.5661285
7135_03,0.9007602
7135_04,0.698676
7136_01,0.35217178
7138_01,0.057929542
7139_01,0.09457606
7141_01,0.23991074
7145_01,0.27118385
7146_01,-0.0996069
7147_01,0.99781567
7150_01,0.21289791
7150_02,0.5801567
7153_01,0.10434853
7154_01,0.0950295
7158_01,0.12654507
7163_01,0.99977356
7163_02,1.0027876
7163_03,-0.06962101
7164_01,0.15616855
7169_01,0.72335315
7172_01,0.07662431
7172_02,0.313463
7174_01,0.088600785
7178_01,0.9311447
7183_01,0.6238522
7185_01,0.9751287
7195_01,0.79324764
7196_01,0.9962276
7198_01,0.46147707
7201_01,0.12449033
7204_01,0.030138375
7209_01,0.80362236
7209_02,0.812838
7211_01,-0.010158026
7212_01,0.92647356
7213_01,0.53363883
7220_01,0.3409979
7222_01,0.5105838
7223_01,1.000115
7228_01,0.7072075
7231_01,0.16331561
7237_01,0.7212335
7239_01,0.61077595
7241_01,0.9075599
7241_02,-0.039647967
7243_01,0.7644519
7243_02,0.6226626
7243_03,0.7644519
7243_04,0.10363153
7243_05,0.51319087
7244_01,0.7212335
7245_01,0.823969
7248_01,-0.015377401
7248_02,1.003887
7251_01,0.5801567
7254_01,0.26245427
7262_01,0.120368764
7263_01,0.059679743
7264_01,0.011128922
7265_01,0.5413334
7266_01,0.2893869
7266_02,0.5814124
7266_03,0.7520955
7269_01,0.110357136
7269_02,0.5911547
7272_01,0.62068564
7275_01,0.47642508
7281_01,0.8472018
7282_01,0.58903503
7286_01,0.0013178836
7287_01,0.99763644
7288_01,0.4434723
7291_01,0.7243134
7293_01,0.35116956
7294_01,0.100172505
7295_01,0.21738715
7295_02,0.30999058
7299_01,0.6079481
7308_01,1.0141566
7312_01,0.63367164
7315_01,0.61077595
7316_01,0.4799108
7317_01,0.013977958
7318_01,0.063283615
7319_01,0.77023536
7319_02,0.6389157
7319_03,0.5688695
7325_01,0.3824622
7329_01,0.33012235
7329_02,0.53721523
7329_03,0.7176488
7333_01,0.26456967
7335_01,0.5911547
7345_01,-0.015936702
7348_01,0.32905427
7348_02,1.0002011
7348_03,1.0033731
7349_01,0.018370043
7352_01,0.14183393
7354_01,0.7839757
7354_02,1.0007838
7354_03,0.96915835
7354_04,0.28394625
7354_05,0.9640444
7354_06,0.30660674
7355_01,0.1135364
7357_01,0.698676
7362_01,0.29010916
7363_01,0.45700482
7364_01,0.65498716
7368_01,0.9718541
7369_01,0.013224684
7373_01,0.9797626
7373_02,1.0117512
7375_01,1.0424424
7378_01,0.17093627
7380_01,0.8936518
7380_02,1.0173047
7380_03,0.27626324
7380_04,1.0630276
7381_01,0.7475624
7382_01,0.73298866
7383_01,0.507413
7383_02,-0.08093853
7384_01,0.13748085
7386_01,0.6007902
7389_01,0.9749906
7397_01,0.47574756
7400_01,0.053940054
7404_01,0.7212335
7407_01,0.49322468
7409_01,0.14958255
7409_02,0.70247215
7412_01,1.0095707
7413_01,0.7475624
7413_02,0.27950296
7414_01,-0.15570402
7415_01,0.22195068
7417_01,-0.03325334
7417_02,0.36955917
7420_01,0.32481167
7421_01,0.7475624
7421_02,0.6528096
7423_01,-0.097078815
7423_02,0.9751402
7424_01,0.1586898
7426_01,0.9872719
7426_02,1.0161688
7426_03,0.99781567
7433_01,0.5911547
7434_01,0.17194557
7439_01,0.084902965
7439_02,0.9797626
7440_01,0.08278819
7441_01,0.9503757
7443_01,0.698676
7451_01,0.6036075
7454_01,0.17995016
7463_01,0.15321441
7465_01,0.5212605
7466_01,0.17813802
7467_01,0.14299996
7468_01,0.4274464
7469_01,0.030919747
7470_01,0.7644519
7471_01,0.5236696
7471_02,0.3545582
7473_01,0.17148945
7473_02,0.30161715
7474_01,0.3081061
7476_01,0.7669572
7480_01,0.17280084
7482_01,0.9616563
7482_02,0.12227457
7489_01,0.4460118
7489_02,0.07154667
7489_03,0.17884463
7491_01,0.7305222
7493_01,0.48550358
7497_01,0.74519384
7511_01,1.0942439
7516_01,0.7610759
7519_01,0.08399777
7526_01,0.9946719
7528_01,0.6663638
7528_02,0.74095225
7528_03,0.0952013
7528_04,0.74519384
7530_01,1.0029988
7530_02,-0.026734633
7530_03,0.022751547
7530_04,0.055508837
7532_01,0.7171172
7537_01,0.73298866
7539_01,1.0035406
7539_02,0.7300879
7540_01,0.04338329
7541_01,0.9951577
7541_02,1.015604
7541_03,0.644062
7546_01,0.98521864
7547_01,0.5507617
7548_01,0.088198274
7551_01,0.58267874
7554_01,0.7212335
7555_01,0.22319938
7556_01,1.0138249
7556_02,0.99777704
7556_03,0.095382676
7556_04,1.0119303
7557_01,0.045372136
7557_02,1.0062343
7557_03,0.99215966
7558_01,0.16185385
7558_02,1.0045173
7562_01,0.13012421
7564_01,0.11686818
7566_01,0.26972088
7570_01,0.4129738
7570_02,0.37200427
7571_01,0.34536174
7575_01,0.21386841
7581_01,0.10963704
7582_01,0.6488554
7582_02,0.4927692
7582_03,0.64883256
7582_04,0.26171649
7582_05,0.5727449
7587_01,0.5763292
7589_01,0.61077595
7590_01,0.7882987
7591_01,0.6861808
7591_02,0.6370199
7593_01,0.9605858
7597_01,0.53076553
7597_02,0.5236696
7597_03,0.11927194
7597_04,0.6007902
7597_05,0.096813984
7597_06,0.495087
7597_07,0.041681442
7600_01,0.9009613
7600_02,0.15639365
7602_01,0.97430915
7603_01,0.64977044
7607_01,0.027633233
7610_01,0.67364454
7610_02,0.82875013
7611_01,0.24566783
7611_02,0.09837885
7612_01,0.05361672
7612_02,0.73298866
7613_01,0.97902906
7615_01,0.07193036
7617_01,0.17684975
7619_01,0.5532343
7629_01,0.37551364
7629_02,0.48051903
7629_03,0.7520955
7636_01,0.5090876
7637_01,1.0033731
7637_02,0.09090877
7637_03,1.0033731
7638_01,0.61077595
7642_01,0.9751402
7645_01,1.0046948
7648_01,0.6800256
7651_01,0.9751402
7653_01,0.33736607
7654_01,0.98892796
7655_01,0.7652827
7657_01,0.025971068
7658_01,1.2644627
7659_01,0.1541021
7662_01,0.9798393
7663_01,0.75799245
7664_01,-0.051960394
7668_01,0.700394
7672_01,-0.13229503
7673_01,0.3160916
7674_01,0.093204156
7675_01,0.26288536
7681_01,0.50646466
7685_01,0.73298866
7686_01,0.698676
7695_01,0.1882268
7701_01,0.3810142
7704_01,1.1079077
7706_01,0.87983555
7718_01,0.9882943
7722_01,0.32647175
7725_01,0.978838
7726_01,0.7305222
7730_01,0.42167094
7732_01,0.3440763
7733_01,0.1298379
7734_01,0.5919167
7735_01,-0.02997518
7737_01,0.62068564
7740_01,0.32678887
7740_02,0.36975345
7745_01,0.6938747
7750_01,0.22922115
7756_01,0.96494573
7758_01,0.1866545
7759_01,0.6670437
7762_01,0.20127028
7765_01,0.8022774
7765_02,0.698676
7765_03,0.7210839
7766_01,0.48246628
7772_01,0.50756264
7779_01,0.6073852
7781_01,0.5030244
7792_01,0.99763644
7792_02,0.99763644
7792_03,1.0093914
7792_04,0.2682438
7792_05,1.0093914
7794_01,0.07360413
7795_01,0.15481018
7795_02,0.54983383
7796_01,0.21619593
7798_01,0.19893412
7798_02,0.87261814
7799_01,1.0133061
7804_01,-0.08221151
7807_01,0.52435285
7811_01,0.5703349
7814_01,0.50174755
7817_01,0.19725496
7819_01,0.7072075
7822_01,0.20208885
7823_01,0.7212335
7825_01,-0.084643945
7825_02,1.2388107
7825_03,0.026705403
7826_01,0.99763644
7827_01,1.0052009
7836_01,0.07327539
7838_01,0.99781567
7844_01,0.6605933
7846_01,-0.02987864
7846_02,0.98709273
7854_01,0.7475624
7855_01,0.40629587
7857_01,0.46147707
7860_01,0.19913815
7862_01,0.7475624
7867_01,0.59685785
7869_01,0.023038559
7874_01,0.22432701
7874_02,0.6703587
7876_01,0.15000814
7880_01,0.92591715
7880_02,0.010410804
7887_01,0.507413
7893_01,1.0161688
7893_02,0.9925348
7893_03,1.0119303
7893_04,1.0008956
7893_05,1.0087774
7896_01,0.70058376
7898_01,0.69736266
7900_01,0.051120125
7906_01,-0.014548116
7909_01,0.38690042
7909_02,0.30502135
7911_01,0.7072075
7912_01,0.13361606
7915_01,0.47517213
7915_02,0.36552006
7915_03,0.4809557
7917_01,0.7475624
7921_01,0.57591885
7921_02,0.041449226
7923_01,0.18564864
7925_01,0.8480949
7927_01,0.46702
7927_02,0.3850175
7927_03,0.19851898
7928_01,0.43073034
7931_01,0.4064131
7932_01,0.39161482
7933_01,1.0234237
7934_01,1.0033731
7934_02,0.9816738
7934_03,1.0067141
7938_01,-0.017470807
7942_01,0.075793676
7942_02,0.53978044
7948_01,0.08829957
7951_01,1.0027876
7953_01,0.1353217
7956_01,0.11484152
7959_01,0.41288197
7961_01,0.17231566
7963_01,0.59092796
7963_02,0.37092093
7963_03,0.7072075
7964_01,0.9859791
7965_01,0.698676
7966_01,0.08735972
7969_01,0.7475624
7971_01,1.0046948
7971_02,0.1771471
7975_01,0.9751402
7977_01,0.101501316
7978_01,0.64883256
7978_02,0.020416792
7979_01,0.26639435
7980_01,0.13061558
7991_01,0.004843838
7991_02,0.318473
7991_03,0.9664092
7991_04,0.96915835
7992_01,0.780127
7997_01,0.7072075
7998_01,0.8130138
7998_02,1.003178
7998_03,0.99932474
7998_04,1.0161688
8001_01,0.45439953
8002_01,0.20628797
8008_01,0.06022738
8009_01,0.29622766
8011_01,0.572561
8013_01,0.8619787
8017_01,0.12550071
8022_01,0.600615
8028_01,0.008377262
8033_01,0.04725479
8039_01,0.92747563
8039_02,0.96915835
8040_01,0.2823721
8041_01,0.19237362
8041_02,1.0035406
8044_01,0.9977518
8045_01,0.050803777
8047_01,1.0035406
8048_01,0.90746737
8051_01,0.77070725
8051_02,0.72335315
8061_01,0.33319274
8061_02,1.0114092
8062_01,0.20807354
8065_01,-0.00089339877
8070_01,0.03925486
8073_01,0.507413
8074_01,0.6275141
8080_01,0.9053979
8090_01,0.7305222
8093_01,0.13181964
8095_01,0.41632077
8096_01,0.9798393
8099_01,0.5801567
8100_01,0.61950344
8101_01,0.9490718
8104_01,0.6815404
8109_01,0.25213742
8110_01,-0.03623183
8111_01,0.5333176
8113_01,0.7644519
8113_02,0.4936222
8113_03,0.67364454
8113_04,0.43982816
8114_01,0.9641126
8125_01,1.004874
8125_02,1.0281589
8126_01,0.11284212
8127_01,0.4944403
8132_01,0.070965886
8134_01,0.52211726
8142_01,1.0368252
8145_01,0.68467546
8146_01,0.6007902
8151_01,0.11179889
8154_01,0.6347444
8155_01,0.8961238
8160_01,0.21533059
8163_01,0.45330587
8166_01,0.18343736
8169_01,0.45720747
8170_01,0.99977356
8172_01,0.9950081
8174_01,-0.03655586
8179_01,1.0035406
8180_01,0.263117
8181_01,0.24966949
8181_02,0.03984894
8181_03,1.000115
8183_01,0.3119314
8184_01,0.045922104
8185_01,0.025050469
8187_01,0.30358028
8188_01,-0.038027983
8193_01,0.61077595
8195_01,1.0035406
8196_01,0.040705666
8196_02,0.72335315
8198_01,0.60098124
8201_01,0.9640444
8206_01,0.14598969
8215_01,0.7494416
8223_01,0.73298866
8228_01,0.07357777
8230_01,0.15914425
8234_01,0.027100002
8236_01,0.9989823
8240_01,1.1026567
8241_01,0.6751476
8245_01,0.70421636
8245_02,0.5911547
8246_01,0.29119006
8249_01,0.2520523
8250_01,0.53363883
8253_01,-0.10290753
8256_01,0.3748015
8258_01,-0.042212293
8262_01,0.49149495
8263_01,0.4359273
8269_01,0.59550077
8274_01,0.49319392
8278_01,0.75799245
8283_01,0.9751287
8284_01,0.73298866
8284_02,1.0018525
8285_01,0.50918144
8286_01,1.004874
8290_01,1.0094026
8293_01,0.099271715
8296_01,0.9798393
8299_01,0.021364663
8304_01,0.17387545
8304_02,0.98180944
8304_03,0.5684197
8305_01,0.998204
8305_02,1.0047735
8305_03,1.0093914
8308_01,0.10139086
8309_01,0.11356324
8311_01,0.08513287
8312_01,1.023905
8325_01,0.7212335
8325_02,0.23556806
8327_01,0.24715537
8331_01,0.43380287
8337_01,0.51157755
8340_01,0.110963635
8340_02,0.76065344
8340_03,0.18176451
8347_01,0.507413
8349_01,0.32714677
8350_01,0.10890414
8351_01,-0.10078181
8352_01,0.31339386
8353_01,0.119144015
8355_01,1.0196639
8357_01,0.9916345
8357_02,0.9882943
8358_01,0.06944087
8359_01,0.32457694
8361_01,-0.00024719915
8361_02,0.32291827
8361_03,1.0630276
8361_04,1.0085982
8361_05,0.69891196
8364_01,0.5801567
8367_01,0.36721653
8370_01,1.0561969
8370_02,0.23782182
8372_01,1.004874
8385_01,0.9751402
8385_02,-0.024950497
8385_03,0.9733969
8387_01,0.95657295
8389_01,0.7072075
8391_01,0.31707352
8396_01,0.32814515
8399_01,0.17800242
8400_01,0.32318372
8400_02,0.72335315
8400_03,-0.10160679
8402_01,0.98892796
8402_02,0.9635906
8402_03,0.9635906
8408_01,0.5985836
8408_02,0.77070725
8412_01,0.50136805
8413_01,0.75799245
8415_01,0.06362442
8417_01,0.57826084
8422_01,0.15290183
8424_01,0.062173054
8425_01,0.74095225
8425_02,0.82144845
8426_01,0.6754609
8426_02,-0.06343724
8428_01,0.34026685
8434_01,1.0035406
8435_01,0.12089255
8436_01,0.46691915
8439_01,0.61077595
8440_01,0.024137074
8440_02,1.0121241
8440_03,0.99034864
8443_01,0.9201451
8443_02,0.31164503
8445_01,0.7212335
8445_02,0.30383015
8445_03,0.67364454
8446_01,0.3878281
8450_01,0.9749906
8450_02,0.11002078
8450_03,0.99034864
8453_01,0.9771615
8455_01,0.0093882345
8461_01,0.3353299
8464_01,0.25400826
8464_02,0.9998568
8473_01,0.64883256
8473_02,0.026192738
8478_01,0.7644519
8478_02,0.058942858
8484_01,0.9881622
8485_01,0.62185746
8488_01,0.6847094
8490_01,0.03739241
8496_01,0.07610046
8497_01,0.4977221
8498_01,0.28849605
8499_01,0.7210839
8501_01,0.7243134
8505_01,0.15047215
8507_01,0.5188429
8510_01,0.07156928
8510_02,1.0096647
8513_01,-0.008256443
8515_01,0.22100212
8517_01,0.16325669
8517_02,0.90920997
8518_01,0.74519384
8519_01,0.63698125
8520_01,-0.04970545
8520_02,0.4936222
8525_01,0.72402894
8525_02,1.0119303
8526_01,0.16492856
8526_02,0.9711388
8527_01,0.53363883
8529_01,0.308107
8531_01,0.61077595
8532_01,0.41552973
8533_01,0.6888493
8534_01,0.49823502
8534_02,0.7644519
8534_03,0.7212335
8534_04,0.35899425
8538_01,0.11306763
8543_01,0.9922336
8543_02,0.74519384
8543_03,0.599552
8543_04,0.1970535
8543_05,0.263414
8543_06,0.06338647
8543_07,0.72335315
8543_08,0.32578292
8546_01,0.7475624
8547_01,0.11235523
8550_01,0.11028411
8553_01,0.14427732
8555_01,0.5911547
8555_02,0.65236735
8555_03,0.64883256
8558_01,0.73298866
8562_01,0.34442222
8563_01,-0.038842317
8564_01,0.1547228
8565_01,0.7243134
8565_02,0.6995202
8565_03,0.2210766
8567_01,0.036505755
8567_02,-0.029006047
8567_03,-0.07272608
8568_01,0.9336735
8568_02,0.92207915
8575_01,0.855923
8576_01,0.9424502
8578_01,-0.036589213
8579_01,1.0159897
8582_01,0.7072075
8583_01,0.9751402
8583_02,1.0062343
8590_01,0.15677764
8591_01,0.49869737
8593_01,-0.042821355
8600_01,0.74095225
8601_01,0.2365737
8608_01,0.7305222
8621_01,0.8208483
8622_01,0.05933823
8625_01,-0.040035475
8627_01,0.06961869
8630_01,0.753016
8632_01,0.7475624
8632_02,0.27950296
8647_01,1.023905
8648_01,0.6039651
8648_02,0.25038823
8648_03,0.5801567
8649_01,0.105788656
8651_01,0.18499064
8652_01,-0.009444583
8655_01,0.09237102
8660_01,0.6113047
8662_01,0.38117585
8665_01,0.61077595
8666_01,0.7212335
8676_01,0.5836966
8677_01,0.23810562
8677_02,0.9358823
8677_03,0.9252116
8678_01,0.7451382
8678_02,0.3713088
8679_01,0.5801567
8682_01,-0.11142553
8686_01,0.7592769
8689_01,0.27950296
8690_01,-0.024989441
8690_02,0.684331
8692_01,0.9604656
8692_02,-0.10132336
8692_03,0.9635906
8697_01,0.6751476
8698_01,0.7846421
8699_01,0.66865957
8702_01,0.26342627
8705_01,0.99034864
8706_01,0.03700071
8707_01,0.14343873
8711_01,0.59480965
8713_01,0.08340857
8713_02,1.0019995
8715_01,0.61077595
8718_01,0.23794945
8724_01,0.10818776
8725_01,0.58608
8726_01,0.97397906
8730_01,0.53820574
8731_01,0.030984756
8737_01,1.0023916
8738_01,0.5911547
8739_01,-0.009480431
8740_01,0.16955362
8742_01,0.34451297
8745_01,0.031670734
8746_01,0.7072075
8747_01,0.9998568
8747_02,0.11360003
8748_01,0.41148296
8748_02,0.058422394
8756_01,-0.025318384
8758_01,0.055557344
8758_02,0.71395797
8761_01,0.6202375
8763_01,0.09870128
8763_02,-0.016308302
8763_03,0.64883256
8765_01,0.0032438862
8767_01,-0.020044925
8767_02,-0.113656245
8768_01,0.66189474
8768_02,0.9223444
8768_03,0.28888208
8775_01,0.99814034
8777_01,0.07359257
8778_01,0.9798393
8778_02,1.0121241
8784_01,0.42051828
8788_01,0.24521069
8792_01,0.1918099
8793_01,0.1669529
8793_02,0.9635906
8793_03,0.9741343
8793_04,0.06003385
8793_05,0.99977356
8795_01,0.25020945
8800_01,0.6488554
8800_02,0.36975345
8800_03,0.4460118
8800_04,0.5767125
8800_05,0.67730623
8803_01,0.53363883
8804_01,0.99034864
8804_02,1.0250624
8804_03,1.0045173
8804_04,-0.2034591
8804_05,0.015897105
8810_01,0.034168757
8814_01,0.7475624
8829_01,1.0215473
8832_01,0.19169031
8837_01,0.4176634
8839_01,0.568034
8839_02,0.08592342
8846_01,-0.17445277
8846_02,0.48907182
8847_01,0.7305222
8851_01,0.75799245
8855_01,0.06603622
8857_01,0.7305222
8859_01,0.025930017
8866_01,0.6863627
8870_01,1.014284
8870_02,0.18659264
8873_01,0.4863846
8873_02,0.21325938
8873_03,1.0174928
8875_01,0.9922541
8875_02,0.09451403
8875_03,1.0095707
8877_01,0.989119
8877_02,1.0045943
8879_01,0.53363883
8882_01,0.12814765
8887_01,0.5017934
8888_01,0.25481924
8893_01,0.9741343
8893_02,1.0027876
8895_01,0.98521864
8895_02,-0.07076357
8898_01,0.35071176
8908_01,0.7072075
8909_01,0.42895564
8911_01,0.4589328
8912_01,0.6007902
8913_01,0.5911547
8913_02,0.5727449
8913_03,0.30362505
8914_01,0.13445657
8915_01,0.10900636
8916_01,0.5911547
8917_01,0.7212335
8921_01,0.9535007
8924_01,1.004874
8925_01,0.99721646
8925_02,0.9580238
8925_03,1.0027876
8925_04,1.0249563
8925_05,0.97729206
8925_06,-0.081963845
8927_01,0.8094909
8929_01,0.37421608
8931_01,-0.030941352
8933_01,0.178755
8934_01,-0.21576245
8935_01,0.9110793
8936_01,-0.03807491
8943_01,-0.11366659
8946_01,1.0095707
8949_01,0.13782102
8950_01,0.07976352
8951_01,0.31736356
8952_01,0.43818268
8953_01,0.08070502
8957_01,0.20566267
8958_01,0.5801567
8960_01,0.7520955
8960_02,0.050897993
8960_03,0.8560211
8962_01,0.1512829
8963_01,0.955192
8965_01,0.12762715
8971_01,0.444159
8974_01,0.989119
8979_01,0.28162906
8980_01,0.22757661
8980_02,0.114605196
8980_03,1.0141397
8980_04,-0.035996847
8980_05,0.14604218
8980_06,1.0051631
8980_07,0.9860626
8984_01,0.030461615
8990_01,0.46702
8991_01,0.37697217
8994_01,0.09210256
8994_02,1.0062343
8995_01,-0.04629147
9000_01,0.2926719
9002_01,0.104978256
9005_01,0.7212335
9016_01,-0.13521913
9016_02,-0.046186607
9016_03,-0.11089707
9016_04,0.99763644
9016_05,0.08438042
9017_01,0.72335315
9022_01,0.12416082
9022_02,0.7374476
9022_03,0.48693362
9025_01,0.18761528
9025_02,0.8560211
9027_01,0.00014857113
9033_01,0.82144845
9039_01,0.5801567
9040_01,0.06510369
9044_01,0.35227495
9045_01,0.32713485
9045_02,0.063259415
9047_01,0.65843296
9050_01,0.61077595
9051_01,0.44896403
9053_01,0.9535007
9053_02,1.0418717
9054_01,0.5532343
9055_01,0.102400325
9056_01,0.113397926
9058_01,0.1567674
9062_01,-0.042316925
9062_02,0.6103062
9063_01,1.0046948
9065_01,0.9951577
9067_01,0.34893245
9067_02,0.5532343
9070_01,0.24782404
9070_02,0.7913663
9082_01,0.009736228
9083_01,0.9798393
9083_02,0.29119006
9086_01,0.74519384
9086_02,0.6088924
9087_01,0.17523436
9088_01,1.0094798
9090_01,0.1607657
9091_01,0.9798393
9092_01,0.072224066
9093_01,0.15030299
9095_01,0.14493012
9096_01,0.7212335
9096_02,0.7210839
9100_01,0.15935059
9102_01,0.9998568
9105_01,0.60098124
9109_01,0.5911547
9113_01,1.000115
9117_01,0.09985514
9121_01,0.99034864
9123_01,1.0025783
9133_01,0.60098124
9135_01,0.1828414
9138_01,0.17298213
9143_01,-0.03523007
9143_02,0.34006166
9143_03,0.07637712
9146_01,0.09413162
9146_02,0.0028239337
9146_03,1.0045173
9147_01,0.60098124
9153_01,0.5928844
9154_01,0.75799245
9155_01,0.34203115
9155_02,0.2105501
9155_03,0.9741343
9155_04,0.98892796
9162_01,0.9535007
9162_02,-0.15257967
9162_03,0.03152211
9166_01,0.9475857
9171_01,0.670276
9177_01,0.96915835
9177_02,0.989119
9182_01,-0.007762292
9187_01,0.79324627
9187_02,0.022255577
9191_01,0.77070725
9198_01,0.061340887
9200_01,0.05412538
9204_01,0.23193993
9206_01,0.98607194
9206_02,-0.02198641
9206_03,1.0093914
9207_01,1.1213638
9209_01,0.36418188
9210_01,0.3562416
9212_01,0.13741064
9212_02,0.68609935
9214_01,0.0751537
9215_01,0.98899776
9216_01,0.13913018
9223_01,0.9118786
9223_02,0.9906836
9228_01,-0.019543147
9229_01,0.19551197
9232_01,0.33001068
9236_01,0.82337826
9238_01,0.33783373
9238_02,0.6488554
9238_03,0.7475624
9238_04,0.021782128
9238_05,0.72658366
9238_06,0.64883256
9238_07,0.2660821
9240_01,0.38596338
9243_01,0.88930625
9245_01,0.08394759
9249_01,0.39337775
9255_01,0.57147217
9258_01,0.9721516
9260_01,0.6488554
9262_01,0.6352232
9263_01,0.7437803
9265_01,0.8559551
9266_01,0.8384991
9266_02,0.73298866
9269_01,0.29367128
9271_01,0.9190053
9273_01,0.6740003
9277_01,0.7437803
